Workbook

Sheet Perf Overview + Raster Summary
A1: Test Number | B1: Method | C1: Cost | D1: Input Token | E1: Output Token | F1: Latency | G1: Building | H1: Floor | I1: API Calls | J1: Labels | K1: Type | L1: Notes
A2: 1.1 | B2: Bitmap | C2: N/A | F2: 74.62 | G2: Snowden Towers | H2: L2 | I2: N/A | J2: 62 | K2: Commercial Office | L2: *Implementation is not good
A3: 1.2 | B3: SA | C3: N/A | F3: 8.13 | G3: Snowden Towers | H3: L2 | I3: N/A | J3: 70 | K3: Commercial Office | L3: *150K iterations using a pre-computed summed-area table
A4: 1.3 | B4: LLM-VBP | C4: 0.23 | D4: 25519 | E4: 4122 | F4: 35.387 | G4: Snowden Towers | H4: L2 | I4: 3 | J4: 70 | K4: Commercial Office
A5: 1.4 | B5: LLM-VSP | C5: 0.55 | D5: 98770 | E5: 17920 | F5: 77 | G5: Snowden Towers | H5: L2 | I5: 70 | J5: 70 | K5: Commercial Office | L5: *Data is extrapolated from the average of 24 API calls, results were rate limited. Input 1411, Output 256
A6: 1.5 | B6: LLM-DEP | C6: 0.26 | D6: 47311 | E6: 947 | F6: 10.792 | G6: Snowden Towers | H6: L2 | I6: 1 | J6: 69 | K6: Commercial Office
A7: 2.1 | B7: LLM-DEP | C7: 0.26 | D7: 46611 | E7: 1132 | F7: 15.851 | G7: Snowden Towers | H7: L1 | I7: 1 | J7: 85 | K7: Commercial Office
A8: 2.2 | B8: LLM-DEP | C8: 0.19 | D8: 34810 | E8: 649 | F8: 8.093 | G8: REVIT RAC Advanced Sample Project 2018 | H8: L1 | I8: 1 | J8: 77 | K8: Commercial Office
A9: 2.3 | B9: LLM-DEP | C9: 0.13 | D9: 26238 | E9: 201 | F9: 3.084 | G9: REVIT RAC Basic Sample Project 2018 | H9: L1 | I9: 1 | J9: 19 | K9: Residential House (Small) | L9: https://bim-design.com/library/jp-contents/
A10: 2.4 | B10: LLM-DEP | C10: 0.15 | D10: 27172 | E10: 285 | F10: 3.629 | G10: REVIT RAC Basic Sample Project 2018 | H10: L2 | I10: 1 | J10: 26 | K10: Residential House (Small) | L10: https://help.autodesk.com/view/RVT/2024/ENU/?guid=GUID-61EF2F22-3A1F-4317-B925-1E85F138BE88
A11: 2.5 | B11: LLM-DEP | C11: 0.23 | D11: 46611 | E11: 1132 | F11: 15.851 | G11: REVIT RAC Japan Sample Project 2020 (ver 1.7) | H11: L7 | I11: 1 | J11: 111 | K11: Commercial Office | L11: *Poor placement due to unique tag types, need adjustment. Drafting conventions are broadly similar
A12: 2.6 | B12: LLM-DEP | C12: 0.17 | D12: 32550 | E12: 330 | F12: 4.291 | G12: REVIT RAC Germany Sample Project 2019 (DACH Studio) | H12: L1 (EG) | I12: 1 | J12: 36 | K12: Studio Office | L12: *German/DACH Studio drafting standards have no border around tags, thus bounding boxes are not representative of tag area.
A13: 3 | B13: LLM-DEP-TOT | F13: =SUM(F6:F12) -> 61.591 | J13: =SUM(J6:J12) -> 423
A15: Version 1 Tests
A16: 1.1 | B16: Bitmap | C16: QTY | D16: Dist_From_Centre | F16: Dist_From_Optimal | H16: Optimal_Dist_From_Centre
D17: Mean | E17: Median | F17: Mean | G17: Median | H17: Mean | I17: Median | O17: Per label latency (ms)
B18: All Tags | C18: 62 | D18: N/A | E18: N/A | F18: 36.988796 | G18: 38.183766 | H18: N/A | I18: N/A | L18: =F18/38 -> 0.97338936 | N18: Bitmap | O18: =P18*1000 -> 1203.5484 | P18: =F2/J2 -> 1.2035484
B19: Door Tags | C19: 13 | D19: N/A | E19: N/A | F19: 52.891453 | G19: 33.941125 | H19: N/A | I19: N/A | L19: =F19/38 -> 1.3918803 | N19: SA | O19: =P19*1000 -> 116.14286 | P19: =F3/J3 -> 0.11614286
B20: Window Tags | C20: 16 | D20: N/A | E20: N/A | F20: 39.702877 | G20: 38.183766 | H20: N/A | I20: N/A | L20: =F20/38 -> 1.0448125 | N20: LLM-VBP | O20: =P20*1000 -> 505.52857 | P20: =F4/J4 -> 0.50552857
B21: Wall Tags | C21: 24 | D21: N/A | E21: N/A | F21: 30.983439 | G21: 16.263456 | H21: N/A | I21: N/A | L21: =F21/38 -> 0.81535366 | N21: LLM-VSP | O21: =P21*1000 -> 1100 | P21: =F5/J5 -> 1.1
B22: Room Tags | C22: 9 | D22: N/A | E22: N/A | F22: 25.207543 | G22: 0 | H22: N/A | I22: N/A | L22: =F22/38 -> 0.66335638 | N22: LLM-DEP | O22: =P22*1000 -> 145.6052 | P22: =F13/J13 -> 0.1456052
L23: =F23/38 -> 0
A24: 1.2 | B24: SA | C24: QTY | D24: Dist_From_Centre | F24: Dist_From_Optimal | H24: Optimal_Dist_From_Centre | L24: =F24/38 -> #VALUE!
D25: Mean | E25: Median | F25: Mean | G25: Median | H25: Mean | I25: Median | L25: =F25/38 -> #VALUE!
B26: All Tags | C26: 70 | D26: N/A | E26: N/A | F26: 65.686509 | G26: 53.786608 | H26: N/A | I26: N/A | L26: =F26/38 -> 1.7285923
B27: Door Tags | C27: 15 | D27: N/A | E27: N/A | F27: 72.581813 | G27: 69.46222 | H27: N/A | I27: N/A | L27: =F27/38 -> 1.9100477
B28: Window Tags | C28: 17 | D28: N/A | E28: N/A | F28: 38.002334 | G28: 40.853396 | H28: N/A | I28: N/A | L28: =F28/38 -> 1.0000614
B29: Wall Tags | C29: 26 | D29: N/A | E29: N/A | F29: 73.590237 | G29: 54.179571 | H29: N/A | I29: N/A | L29: =F29/38 -> 1.9365852
B30: Room Tags | C30: 12 | D30: N/A | E30: N/A | F30: 79.161882 | G30: 98.70607 | H30: N/A | I30: N/A | L30: =F30/38 -> 2.0832074
L31: =F31/38 -> 0
A32: 1.3 | B32: LLM-VBP | C32: QTY | D32: Dist_From_Centre | F32: Dist_From_Optimal | H32: Optimal_Dist_From_Centre | L32: =F32/38 -> #VALUE!
D33: Mean | E33: Median | F33: Mean | G33: Median | H33: Mean | I33: Median | J33: Confidence | L33: =F33/38 -> #VALUE!
B34: All Tags | C34: 70 | D34: N/A | E34: N/A | F34: 13.824254 | G34: 2.236068 | H34: N/A | I34: N/A | J34: 0.83142857 | L34: =F34/38 -> 0.36379617
B35: Door Tags | C35: 15 | D35: N/A | E35: N/A | F35: 0.81617605 | G35: 1 | H35: N/A | I35: N/A | J35: 0.80333333 | L35: =F35/38 -> 0.021478317
B36: Window Tags | C36: 17 | D36: N/A | E36: N/A | F36: 37.766046 | G36: 2.8284271 | H36: N/A | I36: N/A | J36: 0.87058824 | L36: =F36/38 -> 0.99384331
B37: Wall Tags | C37: 26 | D37: N/A | E37: N/A | F37: 7.0294357 | G37: 2.236068 | H37: N/A | I37: N/A | J37: 0.83076923 | L37: =F37/38 -> 0.18498515
B38: Room Tags | C38: 12 | D38: N/A | E38: N/A | F38: 10.888921 | G38: 1.2071068 | H38: N/A | I38: N/A | J38: 0.8125 | L38: =F38/38 -> 0.28655056
A40: 1.4 | B40: LLM-VSP | C40: QTY | D40: Dist_From_Centre | F40: Dist_From_Optimal | H40: Optimal_Dist_From_Centre
D41: Mean | E41: Median | F41: Mean | G41: Median | H41: Mean | I41: Median | J41: Confidence
B42: All Tags | C42: 70 | D42: N/A | E42: N/A | F42: 17.777778 | G42: 0 | H42: N/A | I42: N/A | J42: 0.88111111 | L42: =F42/38 -> 0.46783626
B43: Door Tags | C43: 15 | D43: N/A | E43: N/A | F43: N/A | G43: N/A | H43: N/A | I43: N/A | J43: N/A | L43: =F43/38 -> #VALUE!
B44: Window Tags | C44: 17 | D44: N/A | E44: N/A | F44: N/A | G44: N/A | H44: N/A | I44: N/A | J44: N/A | L44: =F44/38 -> #VALUE!
B45: Wall Tags | C45: 26 | D45: N/A | E45: N/A | F45: 60 | G45: 60 | H45: N/A | I45: N/A | J45: 0.8 | L45: =F45/38 -> 1.5789474
B46: Room Tags | C46: 12 | D46: N/A | E46: N/A | F46: 5.7142857 | G46: 0 | H46: N/A | I46: N/A | J46: 0.90428571 | L46: =F46/38 -> 0.15037594
A48: 1.5 | B48: LLM-DEP | C48: QTY | D48: Dist_From_Centre | F48: Dist_From_Optimal | H48: Optimal_Dist_From_Centre | L48: 38px = 1ft
D49: Mean | E49: Median | F49: Mean | G49: Median | H49: Mean | I49: Median
B50: All Tags | C50: 69 | D50: 3.9067766 | E50: 3.0255 | F50: 2.5591817 | G50: 1.4319766 | H50: 2.7791569 | I50: 2.3542
B51: Door Tags | C51: 15 | D51: 2.06748 | E51: 2.2708 | F51: 0.0086866667 | G51: 0 | H51: 2.0675429 | I51: 2.2710143
B52: Window Tags | C52: 17 | D52: 2.4411235 | E52: 1.9803 | F52: 0.058570588 | G52: 0 | H52: 2.3825529 | I52: 1.9803
B53: Wall Tags | C53: 26 | D53: 4.6742909 | E53: 4 | F53: 3.9515465 | G53: 2.6230813 | H53: 3.9078275 | I53: 3.1972697
B54: Room Tags | C54: 11 | D54: 6.8658841 | E54: 3.1316941 | F54: 6.6106662 | G54: 3.1316941 | H54: 1.694706 | I54: 1.1667
K55: =E62 -> 6.6106662
E57: LLM-DEP | F57: LLM-VBP | G57: LLM-VSP | H57: SA | I57: Bitmap
B58: All Tags | E58: 2.5591817 | F58: 0.36379617 | G58: 0.46783626 | H58: 1.7285923 | I58: 0.97338936
B59: Door Tags | E59: 0.0086866667 | F59: 0.021478317 | G59: 0 | H59: 1.9100477 | I59: 1.3918803
B60: Window Tags | E60: 0.058570588 | F60: 0.99384331 | G60: 0 | H60: 1.0000614 | I60: 1.0448125
B61: Wall Tags | E61: 3.9515465 | F61: 0.18498515 | G61: 1.5789474 | H61: 1.9365852 | I61: 0.81535366
B62: Room Tags | E62: 6.6106662 | F62: 0.28655056 | G62: 0.15037594 | H62: 2.0832074 | I62: 0.66335638
K69: Building | L69: Floor | M69: Type | N69: Area | O69: Door Tags | P69: Window Tags | Q69: Wall Tags | R69: Room Tags | S69: Total Tags
K70: Snowden Towers | L70: L2 | M70: Commercial Office | N70: 15718 | O70: 15 | P70: 17 | Q70: 26 | R70: 11 | S70: 69
K71: Snowden Towers | L71: L1 | M71: Commercial Office | N71: 13224 | O71: 33 | P71: 0 | Q71: 38 | R71: 14 | S71: 85
K72: REVIT RAC Advanced Sample Project 2018 | L72: L1 | M72: Commercial Office | N72: 17948 | O72: 38 | P72: 6 | Q72: 2 | R72: 31 | S72: 77
K73: REVIT RAC Basic Sample Project 2018 | L73: L1 | M73: Residential House (Small) | N73: 1738 | O73: 5 | P73: 8 | Q73: 0 | R73: 6 | S73: 19
K74: REVIT RAC Basic Sample Project 2018 | L74: L2 | M74: Residential House (Small) | N74: 1738 | O74: 11 | P74: 7 | Q74: 0 | R74: 8 | S74: 26
K75: REVIT RAC Japan Sample Project 2020 (ver 1.7) | L75: L7 | M75: Commercial Office | N75: 10746 | O75: 14 | P75: 3 | Q75: 83 | R75: 11 | S75: 111
K76: REVIT RAC Germany Sample Project 2019 (DACH Studio) | L76: L1 (EG) | M76: Studio Office | N76: 2334 | O76: 0 | P76: 4 | Q76: 18 | R76: 14 | S76: 36
N79: 5 | P79: Door Tags
P80: Windows | Q80: 7
P81: Wall Tags | Q81: 0 | T81: Door Tags | U81: 33
P82: Room Tags | Q82: 8
N83: 0 | P83: Stairs Tags | Q83: 0 | T83: Wall Tags | U83: 38
T84: Room Tags | U84: 14
T85: Door Tags | U85: 14
O86: Door Tags | S86: Door Tags | T86: Windows | U86: 3
O87: Windows | S87: Windows | T87: Wall Tags | U87: 83
O88: Wall Tags | S88: Wall Tags | T88: Room Tags | U88: 11
O89: Room Tags | S89: Room Tags
P94: All Tags | Q94: 69
P95: Door Tags | Q95: 15
P96: Window Tags | Q96: 17
P97: Wall Tags | Q97: 26
P98: Room Tags | Q98: 11
J119: Building | K119: Cost | L119: Input Token | M119: Output Token | N119: Latency | O119: Labels
J120: Snowden Towers | K120: 0.26 | L120: 47311 | M120: 947 | N120: 10.792 | O120: 69
J121: Snowden Towers | K121: 0.26 | L121: 46611 | M121: 1132 | N121: 15.851 | O121: 85
J122: REVIT RAC Advanced Sample Project 2018 | K122: 0.19 | L122: 34810 | M122: 649 | N122: 8.093 | O122: 77
J123: REVIT RAC Basic Sample Project 2018 | K123: 0.13 | L123: 26238 | M123: 201 | N123: 3.084 | O123: 19
J124: REVIT RAC Basic Sample Project 2018 | K124: 0.15 | L124: 27172 | M124: 285 | N124: 3.629 | O124: 26
J125: REVIT RAC Japan Sample Project 2020 (ver 1.7) | K125: 0.23 | L125: 46611 | M125: 1132 | N125: 15.851 | O125: 111
J126: REVIT RAC Germany Sample Project 2019 (DACH Studio) | K126: 0.17 | L126: 32550 | M126: 330 | N126: 4.291 | O126: 36

Sheet Combined Summary
A1: COMBINED RESULTS — ALL FLOORPLANS
A4: Scope | B4: Quantity | C4: Mean Dist_From_Optimal | D4: Median Dist_From_Optimal | E4: RMSE Dist_From_Optimal | F4: Win Rate | G4: Mean Error Reduction | H4: Mean Cosine Similarity | I4: Mean Solver-vs- Human Ratio | J4: % Further Than Human | K4: Gross Failures | L4: 95th Pct Dist_From_Optimal
A5: ALL TAGS — ALL FLOORPLANS | B5: =COUNTA('Basic L1'!$B$2:$B$20)+COUNTA('Basic L2'!$B$2:$B$27)+COUNTA('Advanced L1'!$B$2:$B$78)+COUNTA('Germany L1'!$B$2:$B$37)+COUNTA('Japan L7'!$B$2:$B$112)+COUNTA('Snowden Tower L1'!$B$2:$B$86)+COUNTA('Snowden Tower L2'!$B$2:$B$70) -> 423 | C5: =IF((COUNT('Basic L1'!$K$2:$K$20)+COUNT('Basic L2'!$K$2:$K$27)+COUNT('Advanced L1'!$K$2:$K$78)+COUNT('Germany L1'!$K$2:$K$37)+COUNT('Japan L7'!$K$2:$K$112)+COUNT('Snowden Tower L1'!$K$2:$K$86)+COUNT('Snowden Tower L2'!$K$2:$K$70))=0,"N/A",(SUM('Basic L1'!$K$2:$K$20)+SUM('Basic L2'!$K$2:$K$27)+SUM('Advanced L1'!$K$2:$K$78)+SUM('Germany L1'!$K$2:$K$37)+SUM('Japan L7'!$K$2:$K$112)+SUM('Snowden Tower L1'!$K$2:$K$86)+SUM('Snowden Tower L2'!$K$2:$K$70))/(COUNT('Basic L1'!$K$2:$K$20)+COUNT('Basic L2'!$K$2:$K$27)+COUNT('Advanced L1'!$K$2:$K$78)+COUNT('Germany L1'!$K$2:$K$37)+COUNT('Japan L7'!$K$2:$K$112)+COUNT('Snowden Tower L1'!$K$2:$K$86)+COUNT('Snowden Tower L2'!$K$2:$K$70))) -> 4.1928495 | D5: =IFERROR(MEDIAN('Basic L1'!$K$2:$K$20,'Basic L2'!$K$2:$K$27,'Advanced L1'!$K$2:$K$78,'Germany L1'!$K$2:$K$37,'Japan L7'!$K$2:$K$112,'Snowden Tower L1'!$K$2:$K$86,'Snowden Tower L2'!$K$2:$K$70),"N/A") -> 1.4886 | E5: =IF((COUNT('Basic L1'!$K$2:$K$20)+COUNT('Basic L2'!$K$2:$K$27)+COUNT('Advanced L1'!$K$2:$K$78)+COUNT('Germany L1'!$K$2:$K$37)+COUNT('Japan L7'!$K$2:$K$112)+COUNT('Snowden Tower L1'!$K$2:$K$86)+COUNT('Snowden Tower L2'!$K$2:$K$70))=0,"N/A",SQRT((SUMSQ('Basic L1'!$K$2:$K$20)+SUMSQ('Basic L2'!$K$2:$K$27)+SUMSQ('Advanced L1'!$K$2:$K$78)+SUMSQ('Germany L1'!$K$2:$K$37)+SUMSQ('Japan L7'!$K$2:$K$112)+SUMSQ('Snowden Tower L1'!$K$2:$K$86)+SUMSQ('Snowden Tower L2'!$K$2:$K$70))/(COUNT('Basic L1'!$K$2:$K$20)+COUNT('Basic L2'!$K$2:$K$27)+COUNT('Advanced L1'!$K$2:$K$78)+COUNT('Germany L1'!$K$2:$K$37)+COUNT('Japan L7'!$K$2:$K$112)+COUNT('Snowden Tower L1'!$K$2:$K$86)+COUNT('Snowden Tower L2'!$K$2:$K$70)))) -> 11.280784 | F5: =IF((COUNT('Basic L1'!$R$2:$R$20)+COUNT('Basic L2'!$R$2:$R$27)+COUNT('Advanced L1'!$R$2:$R$78)+COUNT('Germany L1'!$R$2:$R$37)+COUNT('Japan L7'!$R$2:$R$112)+COUNT('Snowden Tower L1'!$R$2:$R$86)+COUNT('Snowden Tower L2'!$R$2:$R$70))=0,"N/A",(COUNTIF('Basic L1'!$R$2:$R$20,1)+COUNTIF('Basic L2'!$R$2:$R$27,1)+COUNTIF('Advanced L1'!$R$2:$R$78,1)+COUNTIF('Germany L1'!$R$2:$R$37,1)+COUNTIF('Japan L7'!$R$2:$R$112,1)+COUNTIF('Snowden Tower L1'!$R$2:$R$86,1)+COUNTIF('Snowden Tower L2'!$R$2:$R$70,1))/(COUNT('Basic L1'!$R$2:$R$20)+COUNT('Basic L2'!$R$2:$R$27)+COUNT('Advanced L1'!$R$2:$R$78)+COUNT('Germany L1'!$R$2:$R$37)+COUNT('Japan L7'!$R$2:$R$112)+COUNT('Snowden Tower L1'!$R$2:$R$86)+COUNT('Snowden Tower L2'!$R$2:$R$70))) -> 0.6503856 | G5: =IF((COUNT('Basic L1'!$N$2:$N$20)+COUNT('Basic L2'!$N$2:$N$27)+COUNT('Advanced L1'!$N$2:$N$78)+COUNT('Germany L1'!$N$2:$N$37)+COUNT('Japan L7'!$N$2:$N$112)+COUNT('Snowden Tower L1'!$N$2:$N$86)+COUNT('Snowden Tower L2'!$N$2:$N$70))=0,"N/A",(SUM('Basic L1'!$N$2:$N$20)+SUM('Basic L2'!$N$2:$N$27)+SUM('Advanced L1'!$N$2:$N$78)+SUM('Germany L1'!$N$2:$N$37)+SUM('Japan L7'!$N$2:$N$112)+SUM('Snowden Tower L1'!$N$2:$N$86)+SUM('Snowden Tower L2'!$N$2:$N$70))/(COUNT('Basic L1'!$N$2:$N$20)+COUNT('Basic L2'!$N$2:$N$27)+COUNT('Advanced L1'!$N$2:$N$78)+COUNT('Germany L1'!$N$2:$N$37)+COUNT('Japan L7'!$N$2:$N$112)+COUNT('Snowden Tower L1'!$N$2:$N$86)+COUNT('Snowden Tower L2'!$N$2:$N$70))) -> -2.3968969 | H5: =IF((COUNT('Basic L1'!$O$2:$O$20)+COUNT('Basic L2'!$O$2:$O$27)+COUNT('Advanced L1'!$O$2:$O$78)+COUNT('Germany L1'!$O$2:$O$37)+COUNT('Japan L7'!$O$2:$O$112)+COUNT('Snowden Tower L1'!$O$2:$O$86)+COUNT('Snowden Tower L2'!$O$2:$O$70))=0,"N/A",(SUM('Basic L1'!$O$2:$O$20)+SUM('Basic L2'!$O$2:$O$27)+SUM('Advanced L1'!$O$2:$O$78)+SUM('Germany L1'!$O$2:$O$37)+SUM('Japan L7'!$O$2:$O$112)+SUM('Snowden Tower L1'!$O$2:$O$86)+SUM('Snowden Tower L2'!$O$2:$O$70))/(COUNT('Basic L1'!$O$2:$O$20)+COUNT('Basic L2'!$O$2:$O$27)+COUNT('Advanced L1'!$O$2:$O$78)+COUNT('Germany L1'!$O$2:$O$37)+COUNT('Japan L7'!$O$2:$O$112)+COUNT('Snowden Tower L1'!$O$2:$O$86)+COUNT('Snowden Tower L2'!$O$2:$O$70))) -> 0.58963511 | I5: =IF((COUNT('Basic L1'!$S$2:$S$20)+COUNT('Basic L2'!$S$2:$S$27)+COUNT('Advanced L1'!$S$2:$S$78)+COUNT('Germany L1'!$S$2:$S$37)+COUNT('Japan L7'!$S$2:$S$112)+COUNT('Snowden Tower L1'!$S$2:$S$86)+COUNT('Snowden Tower L2'!$S$2:$S$70))=0,"N/A",(SUM('Basic L1'!$S$2:$S$20)+SUM('Basic L2'!$S$2:$S$27)+SUM('Advanced L1'!$S$2:$S$78)+SUM('Germany L1'!$S$2:$S$37)+SUM('Japan L7'!$S$2:$S$112)+SUM('Snowden Tower L1'!$S$2:$S$86)+SUM('Snowden Tower L2'!$S$2:$S$70))/(COUNT('Basic L1'!$S$2:$S$20)+COUNT('Basic L2'!$S$2:$S$27)+COUNT('Advanced L1'!$S$2:$S$78)+COUNT('Germany L1'!$S$2:$S$37)+COUNT('Japan L7'!$S$2:$S$112)+COUNT('Snowden Tower L1'!$S$2:$S$86)+COUNT('Snowden Tower L2'!$S$2:$S$70))) -> 3.7541516 | J5: =IF((COUNT('Basic L1'!$S$2:$S$20)+COUNT('Basic L2'!$S$2:$S$27)+COUNT('Advanced L1'!$S$2:$S$78)+COUNT('Germany L1'!$S$2:$S$37)+COUNT('Japan L7'!$S$2:$S$112)+COUNT('Snowden Tower L1'!$S$2:$S$86)+COUNT('Snowden Tower L2'!$S$2:$S$70))=0,"N/A",(COUNTIF('Basic L1'!$S$2:$S$20,">1")+COUNTIF('Basic L2'!$S$2:$S$27,">1")+COUNTIF('Advanced L1'!$S$2:$S$78,">1")+COUNTIF('Germany L1'!$S$2:$S$37,">1")+COUNTIF('Japan L7'!$S$2:$S$112,">1")+COUNTIF('Snowden Tower L1'!$S$2:$S$86,">1")+COUNTIF('Snowden Tower L2'!$S$2:$S$70,">1"))/(COUNT('Basic L1'!$S$2:$S$20)+COUNT('Basic L2'!$S$2:$S$27)+COUNT('Advanced L1'!$S$2:$S$78)+COUNT('Germany L1'!$S$2:$S$37)+COUNT('Japan L7'!$S$2:$S$112)+COUNT('Snowden Tower L1'!$S$2:$S$86)+COUNT('Snowden Tower L2'!$S$2:$S$70))) -> 0.57069409 | K5: =COUNTIF('Basic L1'!$K$2:$K$20,">15.0")+COUNTIF('Basic L2'!$K$2:$K$27,">15.0")+COUNTIF('Advanced L1'!$K$2:$K$78,">15.0")+COUNTIF('Germany L1'!$K$2:$K$37,">15.0")+COUNTIF('Japan L7'!$K$2:$K$112,">15.0")+COUNTIF('Snowden Tower L1'!$K$2:$K$86,">15.0")+COUNTIF('Snowden Tower L2'!$K$2:$K$70,">15.0") -> 24 | L5: 19.4885
A6: Door Tags | B6: =COUNTIF('Basic L1'!$B$2:$B$20,"Doors")+COUNTIF('Basic L2'!$B$2:$B$27,"Doors")+COUNTIF('Advanced L1'!$B$2:$B$78,"Doors")+COUNTIF('Germany L1'!$B$2:$B$37,"Doors")+COUNTIF('Japan L7'!$B$2:$B$112,"Doors")+COUNTIF('Snowden Tower L1'!$B$2:$B$86,"Doors")+COUNTIF('Snowden Tower L2'!$B$2:$B$70,"Doors") -> 116 | C6: =IF((COUNTIFS('Basic L1'!$B$2:$B$20,"Doors",'Basic L1'!$K$2:$K$20,"<>")+COUNTIFS('Basic L2'!$B$2:$B$27,"Doors",'Basic L2'!$K$2:$K$27,"<>")+COUNTIFS('Advanced L1'!$B$2:$B$78,"Doors",'Advanced L1'!$K$2:$K$78,"<>")+COUNTIFS('Germany L1'!$B$2:$B$37,"Doors",'Germany L1'!$K$2:$K$37,"<>")+COUNTIFS('Japan L7'!$B$2:$B$112,"Doors",'Japan L7'!$K$2:$K$112,"<>")+COUNTIFS('Snowden Tower L1'!$B$2:$B$86,"Doors",'Snowden Tower L1'!$K$2:$K$86,"<>")+COUNTIFS('Snowden Tower L2'!$B$2:$B$70,"Doors",'Snowden Tower L2'!$K$2:$K$70,"<>"))=0,"N/A",(SUMIF('Basic L1'!$B$2:$B$20,"Doors",'Basic L1'!$K$2:$K$20)+SUMIF('Basic L2'!$B$2:$B$27,"Doors",'Basic L2'!$K$2:$K$27)+SUMIF('Advanced L1'!$B$2:$B$78,"Doors",'Advanced L1'!$K$2:$K$78)+SUMIF('Germany L1'!$B$2:$B$37,"Doors",'Germany L1'!$K$2:$K$37)+SUMIF('Japan L7'!$B$2:$B$112,"Doors",'Japan L7'!$K$2:$K$112)+SUMIF('Snowden Tower L1'!$B$2:$B$86,"Doors",'Snowden Tower L1'!$K$2:$K$86)+SUMIF('Snowden Tower L2'!$B$2:$B$70,"Doors",'Snowden Tower L2'!$K$2:$K$70))/(COUNTIFS('Basic L1'!$B$2:$B$20,"Doors",'Basic L1'!$K$2:$K$20,"<>")+COUNTIFS('Basic L2'!$B$2:$B$27,"Doors",'Basic L2'!$K$2:$K$27,"<>")+COUNTIFS('Advanced L1'!$B$2:$B$78,"Doors",'Advanced L1'!$K$2:$K$78,"<>")+COUNTIFS('Germany L1'!$B$2:$B$37,"Doors",'Germany L1'!$K$2:$K$37,"<>")+COUNTIFS('Japan L7'!$B$2:$B$112,"Doors",'Japan L7'!$K$2:$K$112,"<>")+COUNTIFS('Snowden Tower L1'!$B$2:$B$86,"Doors",'Snowden Tower L1'!$K$2:$K$86,"<>")+COUNTIFS('Snowden Tower L2'!$B$2:$B$70,"Doors",'Snowden Tower L2'!$K$2:$K$70,"<>"))) -> 6.609086 | D6: {=IFERROR(MEDIAN(IF('Basic L1'!$B$2:$B$20="Doors",'Basic L1'!$K$2:$K$20),IF('Basic L2'!$B$2:$B$27="Doors",'Basic L2'!$K$2:$K$27),IF('Advanced L1'!$B$2:$B$78="Doors",'Advanced L1'!$K$2:$K$78),IF('Germany L1'!$B$2:$B$37="Doors",'Germany L1'!$K$2:$K$37),IF('Japan L7'!$B$2:$B$112="Doors",'Japan L7'!$K$2:$K$112),IF('Snowden Tower L1'!$B$2:$B$86="Doors",'Snowden Tower L1'!$K$2:$K$86),IF('Snowden Tower L2'!$B$2:$B$70="Doors",'Snowden Tower L2'!$K$2:$K$70)),"N/A")} -> 1.3092 | E6: =IF((COUNTIFS('Basic L1'!$B$2:$B$20,"Doors",'Basic L1'!$K$2:$K$20,"<>")+COUNTIFS('Basic L2'!$B$2:$B$27,"Doors",'Basic L2'!$K$2:$K$27,"<>")+COUNTIFS('Advanced L1'!$B$2:$B$78,"Doors",'Advanced L1'!$K$2:$K$78,"<>")+COUNTIFS('Germany L1'!$B$2:$B$37,"Doors",'Germany L1'!$K$2:$K$37,"<>")+COUNTIFS('Japan L7'!$B$2:$B$112,"Doors",'Japan L7'!$K$2:$K$112,"<>")+COUNTIFS('Snowden Tower L1'!$B$2:$B$86,"Doors",'Snowden Tower L1'!$K$2:$K$86,"<>")+COUNTIFS('Snowden Tower L2'!$B$2:$B$70,"Doors",'Snowden Tower L2'!$K$2:$K$70,"<>"))=0,"N/A",SQRT((SUMPRODUCT(('Basic L1'!$B$2:$B$20="Doors")*('Basic L1'!$K$2:$K$20)*('Basic L1'!$K$2:$K$20))+SUMPRODUCT(('Basic L2'!$B$2:$B$27="Doors")*('Basic L2'!$K$2:$K$27)*('Basic L2'!$K$2:$K$27))+SUMPRODUCT(('Advanced L1'!$B$2:$B$78="Doors")*('Advanced L1'!$K$2:$K$78)*('Advanced L1'!$K$2:$K$78))+SUMPRODUCT(('Germany L1'!$B$2:$B$37="Doors")*('Germany L1'!$K$2:$K$37)*('Germany L1'!$K$2:$K$37))+SUMPRODUCT(('Japan L7'!$B$2:$B$112="Doors")*('Japan L7'!$K$2:$K$112)*('Japan L7'!$K$2:$K$112))+SUMPRODUCT(('Snowden Tower L1'!$B$2:$B$86="Doors")*('Snowden Tower L1'!$K$2:$K$86)*('Snowden Tower L1'!$K$2:$K$86))+SUMPRODUCT(('Snowden Tower L2'!$B$2:$B$70="Doors")*('Snowden Tower L2'!$K$2:$K$70)*('Snowden Tower L2'!$K$2:$K$70)))/(COUNTIFS('Basic L1'!$B$2:$B$20,"Doors",'Basic L1'!$K$2:$K$20,"<>")+COUNTIFS('Basic L2'!$B$2:$B$27,"Doors",'Basic L2'!$K$2:$K$27,"<>")+COUNTIFS('Advanced L1'!$B$2:$B$78,"Doors",'Advanced L1'!$K$2:$K$78,"<>")+COUNTIFS('Germany L1'!$B$2:$B$37,"Doors",'Germany L1'!$K$2:$K$37,"<>")+COUNTIFS('Japan L7'!$B$2:$B$112,"Doors",'Japan L7'!$K$2:$K$112,"<>")+COUNTIFS('Snowden Tower L1'!$B$2:$B$86,"Doors",'Snowden Tower L1'!$K$2:$K$86,"<>")+COUNTIFS('Snowden Tower L2'!$B$2:$B$70,"Doors",'Snowden Tower L2'!$K$2:$K$70,"<>")))) -> 16.896493 | F6: =IF((COUNTIFS('Basic L1'!$B$2:$B$20,"Doors",'Basic L1'!$R$2:$R$20,"<>")+COUNTIFS('Basic L2'!$B$2:$B$27,"Doors",'Basic L2'!$R$2:$R$27,"<>")+COUNTIFS('Advanced L1'!$B$2:$B$78,"Doors",'Advanced L1'!$R$2:$R$78,"<>")+COUNTIFS('Germany L1'!$B$2:$B$37,"Doors",'Germany L1'!$R$2:$R$37,"<>")+COUNTIFS('Japan L7'!$B$2:$B$112,"Doors",'Japan L7'!$R$2:$R$112,"<>")+COUNTIFS('Snowden Tower L1'!$B$2:$B$86,"Doors",'Snowden Tower L1'!$R$2:$R$86,"<>")+COUNTIFS('Snowden Tower L2'!$B$2:$B$70,"Doors",'Snowden Tower L2'!$R$2:$R$70,"<>"))=0,"N/A",(SUMIFS('Basic L1'!$R$2:$R$20,'Basic L1'!$B$2:$B$20,"Doors")+SUMIFS('Basic L2'!$R$2:$R$27,'Basic L2'!$B$2:$B$27,"Doors")+SUMIFS('Advanced L1'!$R$2:$R$78,'Advanced L1'!$B$2:$B$78,"Doors")+SUMIFS('Germany L1'!$R$2:$R$37,'Germany L1'!$B$2:$B$37,"Doors")+SUMIFS('Japan L7'!$R$2:$R$112,'Japan L7'!$B$2:$B$112,"Doors")+SUMIFS('Snowden Tower L1'!$R$2:$R$86,'Snowden Tower L1'!$B$2:$B$86,"Doors")+SUMIFS('Snowden Tower L2'!$R$2:$R$70,'Snowden Tower L2'!$B$2:$B$70,"Doors"))/(COUNTIFS('Basic L1'!$B$2:$B$20,"Doors",'Basic L1'!$R$2:$R$20,"<>")+COUNTIFS('Basic L2'!$B$2:$B$27,"Doors",'Basic L2'!$R$2:$R$27,"<>")+COUNTIFS('Advanced L1'!$B$2:$B$78,"Doors",'Advanced L1'!$R$2:$R$78,"<>")+COUNTIFS('Germany L1'!$B$2:$B$37,"Doors",'Germany L1'!$R$2:$R$37,"<>")+COUNTIFS('Japan L7'!$B$2:$B$112,"Doors",'Japan L7'!$R$2:$R$112,"<>")+COUNTIFS('Snowden Tower L1'!$B$2:$B$86,"Doors",'Snowden Tower L1'!$R$2:$R$86,"<>")+COUNTIFS('Snowden Tower L2'!$B$2:$B$70,"Doors",'Snowden Tower L2'!$R$2:$R$70,"<>"))) -> 0.5862069 | G6: =IF((COUNTIFS('Basic L1'!$B$2:$B$20,"Doors",'Basic L1'!$N$2:$N$20,"<>")+COUNTIFS('Basic L2'!$B$2:$B$27,"Doors",'Basic L2'!$N$2:$N$27,"<>")+COUNTIFS('Advanced L1'!$B$2:$B$78,"Doors",'Advanced L1'!$N$2:$N$78,"<>")+COUNTIFS('Germany L1'!$B$2:$B$37,"Doors",'Germany L1'!$N$2:$N$37,"<>")+COUNTIFS('Japan L7'!$B$2:$B$112,"Doors",'Japan L7'!$N$2:$N$112,"<>")+COUNTIFS('Snowden Tower L1'!$B$2:$B$86,"Doors",'Snowden Tower L1'!$N$2:$N$86,"<>")+COUNTIFS('Snowden Tower L2'!$B$2:$B$70,"Doors",'Snowden Tower L2'!$N$2:$N$70,"<>"))=0,"N/A",(SUMIF('Basic L1'!$B$2:$B$20,"Doors",'Basic L1'!$N$2:$N$20)+SUMIF('Basic L2'!$B$2:$B$27,"Doors",'Basic L2'!$N$2:$N$27)+SUMIF('Advanced L1'!$B$2:$B$78,"Doors",'Advanced L1'!$N$2:$N$78)+SUMIF('Germany L1'!$B$2:$B$37,"Doors",'Germany L1'!$N$2:$N$37)+SUMIF('Japan L7'!$B$2:$B$112,"Doors",'Japan L7'!$N$2:$N$112)+SUMIF('Snowden Tower L1'!$B$2:$B$86,"Doors",'Snowden Tower L1'!$N$2:$N$86)+SUMIF('Snowden Tower L2'!$B$2:$B$70,"Doors",'Snowden Tower L2'!$N$2:$N$70))/(COUNTIFS('Basic L1'!$B$2:$B$20,"Doors",'Basic L1'!$N$2:$N$20,"<>")+COUNTIFS('Basic L2'!$B$2:$B$27,"Doors",'Basic L2'!$N$2:$N$27,"<>")+COUNTIFS('Advanced L1'!$B$2:$B$78,"Doors",'Advanced L1'!$N$2:$N$78,"<>")+COUNTIFS('Germany L1'!$B$2:$B$37,"Doors",'Germany L1'!$N$2:$N$37,"<>")+COUNTIFS('Japan L7'!$B$2:$B$112,"Doors",'Japan L7'!$N$2:$N$112,"<>")+COUNTIFS('Snowden Tower L1'!$B$2:$B$86,"Doors",'Snowden Tower L1'!$N$2:$N$86,"<>")+COUNTIFS('Snowden Tower L2'!$B$2:$B$70,"Doors",'Snowden Tower L2'!$N$2:$N$70,"<>"))) -> -6.4180442 | H6: =IF((COUNTIFS('Basic L1'!$B$2:$B$20,"Doors",'Basic L1'!$O$2:$O$20,"<>")+COUNTIFS('Basic L2'!$B$2:$B$27,"Doors",'Basic L2'!$O$2:$O$27,"<>")+COUNTIFS('Advanced L1'!$B$2:$B$78,"Doors",'Advanced L1'!$O$2:$O$78,"<>")+COUNTIFS('Germany L1'!$B$2:$B$37,"Doors",'Germany L1'!$O$2:$O$37,"<>")+COUNTIFS('Japan L7'!$B$2:$B$112,"Doors",'Japan L7'!$O$2:$O$112,"<>")+COUNTIFS('Snowden Tower L1'!$B$2:$B$86,"Doors",'Snowden Tower L1'!$O$2:$O$86,"<>")+COUNTIFS('Snowden Tower L2'!$B$2:$B$70,"Doors",'Snowden Tower L2'!$O$2:$O$70,"<>"))=0,"N/A",(SUMIF('Basic L1'!$B$2:$B$20,"Doors",'Basic L1'!$O$2:$O$20)+SUMIF('Basic L2'!$B$2:$B$27,"Doors",'Basic L2'!$O$2:$O$27)+SUMIF('Advanced L1'!$B$2:$B$78,"Doors",'Advanced L1'!$O$2:$O$78)+SUMIF('Germany L1'!$B$2:$B$37,"Doors",'Germany L1'!$O$2:$O$37)+SUMIF('Japan L7'!$B$2:$B$112,"Doors",'Japan L7'!$O$2:$O$112)+SUMIF('Snowden Tower L1'!$B$2:$B$86,"Doors",'Snowden Tower L1'!$O$2:$O$86)+SUMIF('Snowden Tower L2'!$B$2:$B$70,"Doors",'Snowden Tower L2'!$O$2:$O$70))/(COUNTIFS('Basic L1'!$B$2:$B$20,"Doors",'Basic L1'!$O$2:$O$20,"<>")+COUNTIFS('Basic L2'!$B$2:$B$27,"Doors",'Basic L2'!$O$2:$O$27,"<>")+COUNTIFS('Advanced L1'!$B$2:$B$78,"Doors",'Advanced L1'!$O$2:$O$78,"<>")+COUNTIFS('Germany L1'!$B$2:$B$37,"Doors",'Germany L1'!$O$2:$O$37,"<>")+COUNTIFS('Japan L7'!$B$2:$B$112,"Doors",'Japan L7'!$O$2:$O$112,"<>")+COUNTIFS('Snowden Tower L1'!$B$2:$B$86,"Doors",'Snowden Tower L1'!$O$2:$O$86,"<>")+COUNTIFS('Snowden Tower L2'!$B$2:$B$70,"Doors",'Snowden Tower L2'!$O$2:$O$70,"<>"))) -> 0.54762696 | I6: =IF((COUNTIFS('Basic L1'!$B$2:$B$20,"Doors",'Basic L1'!$S$2:$S$20,"<>")+COUNTIFS('Basic L2'!$B$2:$B$27,"Doors",'Basic L2'!$S$2:$S$27,"<>")+COUNTIFS('Advanced L1'!$B$2:$B$78,"Doors",'Advanced L1'!$S$2:$S$78,"<>")+COUNTIFS('Germany L1'!$B$2:$B$37,"Doors",'Germany L1'!$S$2:$S$37,"<>")+COUNTIFS('Japan L7'!$B$2:$B$112,"Doors",'Japan L7'!$S$2:$S$112,"<>")+COUNTIFS('Snowden Tower L1'!$B$2:$B$86,"Doors",'Snowden Tower L1'!$S$2:$S$86,"<>")+COUNTIFS('Snowden Tower L2'!$B$2:$B$70,"Doors",'Snowden Tower L2'!$S$2:$S$70,"<>"))=0,"N/A",(SUMIF('Basic L1'!$B$2:$B$20,"Doors",'Basic L1'!$S$2:$S$20)+SUMIF('Basic L2'!$B$2:$B$27,"Doors",'Basic L2'!$S$2:$S$27)+SUMIF('Advanced L1'!$B$2:$B$78,"Doors",'Advanced L1'!$S$2:$S$78)+SUMIF('Germany L1'!$B$2:$B$37,"Doors",'Germany L1'!$S$2:$S$37)+SUMIF('Japan L7'!$B$2:$B$112,"Doors",'Japan L7'!$S$2:$S$112)+SUMIF('Snowden Tower L1'!$B$2:$B$86,"Doors",'Snowden Tower L1'!$S$2:$S$86)+SUMIF('Snowden Tower L2'!$B$2:$B$70,"Doors",'Snowden Tower L2'!$S$2:$S$70))/(COUNTIFS('Basic L1'!$B$2:$B$20,"Doors",'Basic L1'!$S$2:$S$20,"<>")+COUNTIFS('Basic L2'!$B$2:$B$27,"Doors",'Basic L2'!$S$2:$S$27,"<>")+COUNTIFS('Advanced L1'!$B$2:$B$78,"Doors",'Advanced L1'!$S$2:$S$78,"<>")+COUNTIFS('Germany L1'!$B$2:$B$37,"Doors",'Germany L1'!$S$2:$S$37,"<>")+COUNTIFS('Japan L7'!$B$2:$B$112,"Doors",'Japan L7'!$S$2:$S$112,"<>")+COUNTIFS('Snowden Tower L1'!$B$2:$B$86,"Doors",'Snowden Tower L1'!$S$2:$S$86,"<>")+COUNTIFS('Snowden Tower L2'!$B$2:$B$70,"Doors",'Snowden Tower L2'!$S$2:$S$70,"<>"))) -> 7.8153976 | J6: =IF((COUNTIFS('Basic L1'!$B$2:$B$20,"Doors",'Basic L1'!$S$2:$S$20,"<>")+COUNTIFS('Basic L2'!$B$2:$B$27,"Doors",'Basic L2'!$S$2:$S$27,"<>")+COUNTIFS('Advanced L1'!$B$2:$B$78,"Doors",'Advanced L1'!$S$2:$S$78,"<>")+COUNTIFS('Germany L1'!$B$2:$B$37,"Doors",'Germany L1'!$S$2:$S$37,"<>")+COUNTIFS('Japan L7'!$B$2:$B$112,"Doors",'Japan L7'!$S$2:$S$112,"<>")+COUNTIFS('Snowden Tower L1'!$B$2:$B$86,"Doors",'Snowden Tower L1'!$S$2:$S$86,"<>")+COUNTIFS('Snowden Tower L2'!$B$2:$B$70,"Doors",'Snowden Tower L2'!$S$2:$S$70,"<>"))=0,"N/A",(COUNTIFS('Basic L1'!$B$2:$B$20,"Doors",'Basic L1'!$S$2:$S$20,">1")+COUNTIFS('Basic L2'!$B$2:$B$27,"Doors",'Basic L2'!$S$2:$S$27,">1")+COUNTIFS('Advanced L1'!$B$2:$B$78,"Doors",'Advanced L1'!$S$2:$S$78,">1")+COUNTIFS('Germany L1'!$B$2:$B$37,"Doors",'Germany L1'!$S$2:$S$37,">1")+COUNTIFS('Japan L7'!$B$2:$B$112,"Doors",'Japan L7'!$S$2:$S$112,">1")+COUNTIFS('Snowden Tower L1'!$B$2:$B$86,"Doors",'Snowden Tower L1'!$S$2:$S$86,">1")+COUNTIFS('Snowden Tower L2'!$B$2:$B$70,"Doors",'Snowden Tower L2'!$S$2:$S$70,">1"))/(COUNTIFS('Basic L1'!$B$2:$B$20,"Doors",'Basic L1'!$S$2:$S$20,"<>")+COUNTIFS('Basic L2'!$B$2:$B$27,"Doors",'Basic L2'!$S$2:$S$27,"<>")+COUNTIFS('Advanced L1'!$B$2:$B$78,"Doors",'Advanced L1'!$S$2:$S$78,"<>")+COUNTIFS('Germany L1'!$B$2:$B$37,"Doors",'Germany L1'!$S$2:$S$37,"<>")+COUNTIFS('Japan L7'!$B$2:$B$112,"Doors",'Japan L7'!$S$2:$S$112,"<>")+COUNTIFS('Snowden Tower L1'!$B$2:$B$86,"Doors",'Snowden Tower L1'!$S$2:$S$86,"<>")+COUNTIFS('Snowden Tower L2'!$B$2:$B$70,"Doors",'Snowden Tower L2'!$S$2:$S$70,"<>"))) -> 0.50862069 | K6: =COUNTIFS('Basic L1'!$B$2:$B$20,"Doors",'Basic L1'!$K$2:$K$20,">15")+COUNTIFS('Basic L2'!$B$2:$B$27,"Doors",'Basic L2'!$K$2:$K$27,">15")+COUNTIFS('Advanced L1'!$B$2:$B$78,"Doors",'Advanced L1'!$K$2:$K$78,">15")+COUNTIFS('Germany L1'!$B$2:$B$37,"Doors",'Germany L1'!$K$2:$K$37,">15")+COUNTIFS('Japan L7'!$B$2:$B$112,"Doors",'Japan L7'!$K$2:$K$112,">15")+COUNTIFS('Snowden Tower L1'!$B$2:$B$86,"Doors",'Snowden Tower L1'!$K$2:$K$86,">15")+COUNTIFS('Snowden Tower L2'!$B$2:$B$70,"Doors",'Snowden Tower L2'!$K$2:$K$70,">15") -> 14 | L6: 45.7293
A7: Window Tags | B7: =COUNTIF('Basic L1'!$B$2:$B$20,"Windows")+COUNTIF('Basic L2'!$B$2:$B$27,"Windows")+COUNTIF('Advanced L1'!$B$2:$B$78,"Windows")+COUNTIF('Germany L1'!$B$2:$B$37,"Windows")+COUNTIF('Japan L7'!$B$2:$B$112,"Windows")+COUNTIF('Snowden Tower L1'!$B$2:$B$86,"Windows")+COUNTIF('Snowden Tower L2'!$B$2:$B$70,"Windows") -> 45 | C7: =IF((COUNTIFS('Basic L1'!$B$2:$B$20,"Windows",'Basic L1'!$K$2:$K$20,"<>")+COUNTIFS('Basic L2'!$B$2:$B$27,"Windows",'Basic L2'!$K$2:$K$27,"<>")+COUNTIFS('Advanced L1'!$B$2:$B$78,"Windows",'Advanced L1'!$K$2:$K$78,"<>")+COUNTIFS('Germany L1'!$B$2:$B$37,"Windows",'Germany L1'!$K$2:$K$37,"<>")+COUNTIFS('Japan L7'!$B$2:$B$112,"Windows",'Japan L7'!$K$2:$K$112,"<>")+COUNTIFS('Snowden Tower L1'!$B$2:$B$86,"Windows",'Snowden Tower L1'!$K$2:$K$86,"<>")+COUNTIFS('Snowden Tower L2'!$B$2:$B$70,"Windows",'Snowden Tower L2'!$K$2:$K$70,"<>"))=0,"N/A",(SUMIF('Basic L1'!$B$2:$B$20,"Windows",'Basic L1'!$K$2:$K$20)+SUMIF('Basic L2'!$B$2:$B$27,"Windows",'Basic L2'!$K$2:$K$27)+SUMIF('Advanced L1'!$B$2:$B$78,"Windows",'Advanced L1'!$K$2:$K$78)+SUMIF('Germany L1'!$B$2:$B$37,"Windows",'Germany L1'!$K$2:$K$37)+SUMIF('Japan L7'!$B$2:$B$112,"Windows",'Japan L7'!$K$2:$K$112)+SUMIF('Snowden Tower L1'!$B$2:$B$86,"Windows",'Snowden Tower L1'!$K$2:$K$86)+SUMIF('Snowden Tower L2'!$B$2:$B$70,"Windows",'Snowden Tower L2'!$K$2:$K$70))/(COUNTIFS('Basic L1'!$B$2:$B$20,"Windows",'Basic L1'!$K$2:$K$20,"<>")+COUNTIFS('Basic L2'!$B$2:$B$27,"Windows",'Basic L2'!$K$2:$K$27,"<>")+COUNTIFS('Advanced L1'!$B$2:$B$78,"Windows",'Advanced L1'!$K$2:$K$78,"<>")+COUNTIFS('Germany L1'!$B$2:$B$37,"Windows",'Germany L1'!$K$2:$K$37,"<>")+COUNTIFS('Japan L7'!$B$2:$B$112,"Windows",'Japan L7'!$K$2:$K$112,"<>")+COUNTIFS('Snowden Tower L1'!$B$2:$B$86,"Windows",'Snowden Tower L1'!$K$2:$K$86,"<>")+COUNTIFS('Snowden Tower L2'!$B$2:$B$70,"Windows",'Snowden Tower L2'!$K$2:$K$70,"<>"))) -> 4.7687801 | D7: {=IFERROR(MEDIAN(IF('Basic L1'!$B$2:$B$20="Windows",'Basic L1'!$K$2:$K$20),IF('Basic L2'!$B$2:$B$27="Windows",'Basic L2'!$K$2:$K$27),IF('Advanced L1'!$B$2:$B$78="Windows",'Advanced L1'!$K$2:$K$78),IF('Germany L1'!$B$2:$B$37="Windows",'Germany L1'!$K$2:$K$37),IF('Japan L7'!$B$2:$B$112="Windows",'Japan L7'!$K$2:$K$112),IF('Snowden Tower L1'!$B$2:$B$86="Windows",'Snowden Tower L1'!$K$2:$K$86),IF('Snowden Tower L2'!$B$2:$B$70="Windows",'Snowden Tower L2'!$K$2:$K$70)),"N/A")} -> 0.2983 | E7: =IF((COUNTIFS('Basic L1'!$B$2:$B$20,"Windows",'Basic L1'!$K$2:$K$20,"<>")+COUNTIFS('Basic L2'!$B$2:$B$27,"Windows",'Basic L2'!$K$2:$K$27,"<>")+COUNTIFS('Advanced L1'!$B$2:$B$78,"Windows",'Advanced L1'!$K$2:$K$78,"<>")+COUNTIFS('Germany L1'!$B$2:$B$37,"Windows",'Germany L1'!$K$2:$K$37,"<>")+COUNTIFS('Japan L7'!$B$2:$B$112,"Windows",'Japan L7'!$K$2:$K$112,"<>")+COUNTIFS('Snowden Tower L1'!$B$2:$B$86,"Windows",'Snowden Tower L1'!$K$2:$K$86,"<>")+COUNTIFS('Snowden Tower L2'!$B$2:$B$70,"Windows",'Snowden Tower L2'!$K$2:$K$70,"<>"))=0,"N/A",SQRT((SUMPRODUCT(('Basic L1'!$B$2:$B$20="Windows")*('Basic L1'!$K$2:$K$20)*('Basic L1'!$K$2:$K$20))+SUMPRODUCT(('Basic L2'!$B$2:$B$27="Windows")*('Basic L2'!$K$2:$K$27)*('Basic L2'!$K$2:$K$27))+SUMPRODUCT(('Advanced L1'!$B$2:$B$78="Windows")*('Advanced L1'!$K$2:$K$78)*('Advanced L1'!$K$2:$K$78))+SUMPRODUCT(('Germany L1'!$B$2:$B$37="Windows")*('Germany L1'!$K$2:$K$37)*('Germany L1'!$K$2:$K$37))+SUMPRODUCT(('Japan L7'!$B$2:$B$112="Windows")*('Japan L7'!$K$2:$K$112)*('Japan L7'!$K$2:$K$112))+SUMPRODUCT(('Snowden Tower L1'!$B$2:$B$86="Windows")*('Snowden Tower L1'!$K$2:$K$86)*('Snowden Tower L1'!$K$2:$K$86))+SUMPRODUCT(('Snowden Tower L2'!$B$2:$B$70="Windows")*('Snowden Tower L2'!$K$2:$K$70)*('Snowden Tower L2'!$K$2:$K$70)))/(COUNTIFS('Basic L1'!$B$2:$B$20,"Windows",'Basic L1'!$K$2:$K$20,"<>")+COUNTIFS('Basic L2'!$B$2:$B$27,"Windows",'Basic L2'!$K$2:$K$27,"<>")+COUNTIFS('Advanced L1'!$B$2:$B$78,"Windows",'Advanced L1'!$K$2:$K$78,"<>")+COUNTIFS('Germany L1'!$B$2:$B$37,"Windows",'Germany L1'!$K$2:$K$37,"<>")+COUNTIFS('Japan L7'!$B$2:$B$112,"Windows",'Japan L7'!$K$2:$K$112,"<>")+COUNTIFS('Snowden Tower L1'!$B$2:$B$86,"Windows",'Snowden Tower L1'!$K$2:$K$86,"<>")+COUNTIFS('Snowden Tower L2'!$B$2:$B$70,"Windows",'Snowden Tower L2'!$K$2:$K$70,"<>")))) -> 17.63413 | F7: =IF((COUNTIFS('Basic L1'!$B$2:$B$20,"Windows",'Basic L1'!$R$2:$R$20,"<>")+COUNTIFS('Basic L2'!$B$2:$B$27,"Windows",'Basic L2'!$R$2:$R$27,"<>")+COUNTIFS('Advanced L1'!$B$2:$B$78,"Windows",'Advanced L1'!$R$2:$R$78,"<>")+COUNTIFS('Germany L1'!$B$2:$B$37,"Windows",'Germany L1'!$R$2:$R$37,"<>")+COUNTIFS('Japan L7'!$B$2:$B$112,"Windows",'Japan L7'!$R$2:$R$112,"<>")+COUNTIFS('Snowden Tower L1'!$B$2:$B$86,"Windows",'Snowden Tower L1'!$R$2:$R$86,"<>")+COUNTIFS('Snowden Tower L2'!$B$2:$B$70,"Windows",'Snowden Tower L2'!$R$2:$R$70,"<>"))=0,"N/A",(SUMIFS('Basic L1'!$R$2:$R$20,'Basic L1'!$B$2:$B$20,"Windows")+SUMIFS('Basic L2'!$R$2:$R$27,'Basic L2'!$B$2:$B$27,"Windows")+SUMIFS('Advanced L1'!$R$2:$R$78,'Advanced L1'!$B$2:$B$78,"Windows")+SUMIFS('Germany L1'!$R$2:$R$37,'Germany L1'!$B$2:$B$37,"Windows")+SUMIFS('Japan L7'!$R$2:$R$112,'Japan L7'!$B$2:$B$112,"Windows")+SUMIFS('Snowden Tower L1'!$R$2:$R$86,'Snowden Tower L1'!$B$2:$B$86,"Windows")+SUMIFS('Snowden Tower L2'!$R$2:$R$70,'Snowden Tower L2'!$B$2:$B$70,"Windows"))/(COUNTIFS('Basic L1'!$B$2:$B$20,"Windows",'Basic L1'!$R$2:$R$20,"<>")+COUNTIFS('Basic L2'!$B$2:$B$27,"Windows",'Basic L2'!$R$2:$R$27,"<>")+COUNTIFS('Advanced L1'!$B$2:$B$78,"Windows",'Advanced L1'!$R$2:$R$78,"<>")+COUNTIFS('Germany L1'!$B$2:$B$37,"Windows",'Germany L1'!$R$2:$R$37,"<>")+COUNTIFS('Japan L7'!$B$2:$B$112,"Windows",'Japan L7'!$R$2:$R$112,"<>")+COUNTIFS('Snowden Tower L1'!$B$2:$B$86,"Windows",'Snowden Tower L1'!$R$2:$R$86,"<>")+COUNTIFS('Snowden Tower L2'!$B$2:$B$70,"Windows",'Snowden Tower L2'!$R$2:$R$70,"<>"))) -> 0.86666667 | G7: =IF((COUNTIFS('Basic L1'!$B$2:$B$20,"Windows",'Basic L1'!$N$2:$N$20,"<>")+COUNTIFS('Basic L2'!$B$2:$B$27,"Windows",'Basic L2'!$N$2:$N$27,"<>")+COUNTIFS('Advanced L1'!$B$2:$B$78,"Windows",'Advanced L1'!$N$2:$N$78,"<>")+COUNTIFS('Germany L1'!$B$2:$B$37,"Windows",'Germany L1'!$N$2:$N$37,"<>")+COUNTIFS('Japan L7'!$B$2:$B$112,"Windows",'Japan L7'!$N$2:$N$112,"<>")+COUNTIFS('Snowden Tower L1'!$B$2:$B$86,"Windows",'Snowden Tower L1'!$N$2:$N$86,"<>")+COUNTIFS('Snowden Tower L2'!$B$2:$B$70,"Windows",'Snowden Tower L2'!$N$2:$N$70,"<>"))=0,"N/A",(SUMIF('Basic L1'!$B$2:$B$20,"Windows",'Basic L1'!$N$2:$N$20)+SUMIF('Basic L2'!$B$2:$B$27,"Windows",'Basic L2'!$N$2:$N$27)+SUMIF('Advanced L1'!$B$2:$B$78,"Windows",'Advanced L1'!$N$2:$N$78)+SUMIF('Germany L1'!$B$2:$B$37,"Windows",'Germany L1'!$N$2:$N$37)+SUMIF('Japan L7'!$B$2:$B$112,"Windows",'Japan L7'!$N$2:$N$112)+SUMIF('Snowden Tower L1'!$B$2:$B$86,"Windows",'Snowden Tower L1'!$N$2:$N$86)+SUMIF('Snowden Tower L2'!$B$2:$B$70,"Windows",'Snowden Tower L2'!$N$2:$N$70))/(COUNTIFS('Basic L1'!$B$2:$B$20,"Windows",'Basic L1'!$N$2:$N$20,"<>")+COUNTIFS('Basic L2'!$B$2:$B$27,"Windows",'Basic L2'!$N$2:$N$27,"<>")+COUNTIFS('Advanced L1'!$B$2:$B$78,"Windows",'Advanced L1'!$N$2:$N$78,"<>")+COUNTIFS('Germany L1'!$B$2:$B$37,"Windows",'Germany L1'!$N$2:$N$37,"<>")+COUNTIFS('Japan L7'!$B$2:$B$112,"Windows",'Japan L7'!$N$2:$N$112,"<>")+COUNTIFS('Snowden Tower L1'!$B$2:$B$86,"Windows",'Snowden Tower L1'!$N$2:$N$86,"<>")+COUNTIFS('Snowden Tower L2'!$B$2:$B$70,"Windows",'Snowden Tower L2'!$N$2:$N$70,"<>"))) -> -2.9143909 | H7: =IF((COUNTIFS('Basic L1'!$B$2:$B$20,"Windows",'Basic L1'!$O$2:$O$20,"<>")+COUNTIFS('Basic L2'!$B$2:$B$27,"Windows",'Basic L2'!$O$2:$O$27,"<>")+COUNTIFS('Advanced L1'!$B$2:$B$78,"Windows",'Advanced L1'!$O$2:$O$78,"<>")+COUNTIFS('Germany L1'!$B$2:$B$37,"Windows",'Germany L1'!$O$2:$O$37,"<>")+COUNTIFS('Japan L7'!$B$2:$B$112,"Windows",'Japan L7'!$O$2:$O$112,"<>")+COUNTIFS('Snowden Tower L1'!$B$2:$B$86,"Windows",'Snowden Tower L1'!$O$2:$O$86,"<>")+COUNTIFS('Snowden Tower L2'!$B$2:$B$70,"Windows",'Snowden Tower L2'!$O$2:$O$70,"<>"))=0,"N/A",(SUMIF('Basic L1'!$B$2:$B$20,"Windows",'Basic L1'!$O$2:$O$20)+SUMIF('Basic L2'!$B$2:$B$27,"Windows",'Basic L2'!$O$2:$O$27)+SUMIF('Advanced L1'!$B$2:$B$78,"Windows",'Advanced L1'!$O$2:$O$78)+SUMIF('Germany L1'!$B$2:$B$37,"Windows",'Germany L1'!$O$2:$O$37)+SUMIF('Japan L7'!$B$2:$B$112,"Windows",'Japan L7'!$O$2:$O$112)+SUMIF('Snowden Tower L1'!$B$2:$B$86,"Windows",'Snowden Tower L1'!$O$2:$O$86)+SUMIF('Snowden Tower L2'!$B$2:$B$70,"Windows",'Snowden Tower L2'!$O$2:$O$70))/(COUNTIFS('Basic L1'!$B$2:$B$20,"Windows",'Basic L1'!$O$2:$O$20,"<>")+COUNTIFS('Basic L2'!$B$2:$B$27,"Windows",'Basic L2'!$O$2:$O$27,"<>")+COUNTIFS('Advanced L1'!$B$2:$B$78,"Windows",'Advanced L1'!$O$2:$O$78,"<>")+COUNTIFS('Germany L1'!$B$2:$B$37,"Windows",'Germany L1'!$O$2:$O$37,"<>")+COUNTIFS('Japan L7'!$B$2:$B$112,"Windows",'Japan L7'!$O$2:$O$112,"<>")+COUNTIFS('Snowden Tower L1'!$B$2:$B$86,"Windows",'Snowden Tower L1'!$O$2:$O$86,"<>")+COUNTIFS('Snowden Tower L2'!$B$2:$B$70,"Windows",'Snowden Tower L2'!$O$2:$O$70,"<>"))) -> 0.85727871 | I7: =IF((COUNTIFS('Basic L1'!$B$2:$B$20,"Windows",'Basic L1'!$S$2:$S$20,"<>")+COUNTIFS('Basic L2'!$B$2:$B$27,"Windows",'Basic L2'!$S$2:$S$27,"<>")+COUNTIFS('Advanced L1'!$B$2:$B$78,"Windows",'Advanced L1'!$S$2:$S$78,"<>")+COUNTIFS('Germany L1'!$B$2:$B$37,"Windows",'Germany L1'!$S$2:$S$37,"<>")+COUNTIFS('Japan L7'!$B$2:$B$112,"Windows",'Japan L7'!$S$2:$S$112,"<>")+COUNTIFS('Snowden Tower L1'!$B$2:$B$86,"Windows",'Snowden Tower L1'!$S$2:$S$86,"<>")+COUNTIFS('Snowden Tower L2'!$B$2:$B$70,"Windows",'Snowden Tower L2'!$S$2:$S$70,"<>"))=0,"N/A",(SUMIF('Basic L1'!$B$2:$B$20,"Windows",'Basic L1'!$S$2:$S$20)+SUMIF('Basic L2'!$B$2:$B$27,"Windows",'Basic L2'!$S$2:$S$27)+SUMIF('Advanced L1'!$B$2:$B$78,"Windows",'Advanced L1'!$S$2:$S$78)+SUMIF('Germany L1'!$B$2:$B$37,"Windows",'Germany L1'!$S$2:$S$37)+SUMIF('Japan L7'!$B$2:$B$112,"Windows",'Japan L7'!$S$2:$S$112)+SUMIF('Snowden Tower L1'!$B$2:$B$86,"Windows",'Snowden Tower L1'!$S$2:$S$86)+SUMIF('Snowden Tower L2'!$B$2:$B$70,"Windows",'Snowden Tower L2'!$S$2:$S$70))/(COUNTIFS('Basic L1'!$B$2:$B$20,"Windows",'Basic L1'!$S$2:$S$20,"<>")+COUNTIFS('Basic L2'!$B$2:$B$27,"Windows",'Basic L2'!$S$2:$S$27,"<>")+COUNTIFS('Advanced L1'!$B$2:$B$78,"Windows",'Advanced L1'!$S$2:$S$78,"<>")+COUNTIFS('Germany L1'!$B$2:$B$37,"Windows",'Germany L1'!$S$2:$S$37,"<>")+COUNTIFS('Japan L7'!$B$2:$B$112,"Windows",'Japan L7'!$S$2:$S$112,"<>")+COUNTIFS('Snowden Tower L1'!$B$2:$B$86,"Windows",'Snowden Tower L1'!$S$2:$S$86,"<>")+COUNTIFS('Snowden Tower L2'!$B$2:$B$70,"Windows",'Snowden Tower L2'!$S$2:$S$70,"<>"))) -> 4.429917 | J7: =IF((COUNTIFS('Basic L1'!$B$2:$B$20,"Windows",'Basic L1'!$S$2:$S$20,"<>")+COUNTIFS('Basic L2'!$B$2:$B$27,"Windows",'Basic L2'!$S$2:$S$27,"<>")+COUNTIFS('Advanced L1'!$B$2:$B$78,"Windows",'Advanced L1'!$S$2:$S$78,"<>")+COUNTIFS('Germany L1'!$B$2:$B$37,"Windows",'Germany L1'!$S$2:$S$37,"<>")+COUNTIFS('Japan L7'!$B$2:$B$112,"Windows",'Japan L7'!$S$2:$S$112,"<>")+COUNTIFS('Snowden Tower L1'!$B$2:$B$86,"Windows",'Snowden Tower L1'!$S$2:$S$86,"<>")+COUNTIFS('Snowden Tower L2'!$B$2:$B$70,"Windows",'Snowden Tower L2'!$S$2:$S$70,"<>"))=0,"N/A",(COUNTIFS('Basic L1'!$B$2:$B$20,"Windows",'Basic L1'!$S$2:$S$20,">1")+COUNTIFS('Basic L2'!$B$2:$B$27,"Windows",'Basic L2'!$S$2:$S$27,">1")+COUNTIFS('Advanced L1'!$B$2:$B$78,"Windows",'Advanced L1'!$S$2:$S$78,">1")+COUNTIFS('Germany L1'!$B$2:$B$37,"Windows",'Germany L1'!$S$2:$S$37,">1")+COUNTIFS('Japan L7'!$B$2:$B$112,"Windows",'Japan L7'!$S$2:$S$112,">1")+COUNTIFS('Snowden Tower L1'!$B$2:$B$86,"Windows",'Snowden Tower L1'!$S$2:$S$86,">1")+COUNTIFS('Snowden Tower L2'!$B$2:$B$70,"Windows",'Snowden Tower L2'!$S$2:$S$70,">1"))/(COUNTIFS('Basic L1'!$B$2:$B$20,"Windows",'Basic L1'!$S$2:$S$20,"<>")+COUNTIFS('Basic L2'!$B$2:$B$27,"Windows",'Basic L2'!$S$2:$S$27,"<>")+COUNTIFS('Advanced L1'!$B$2:$B$78,"Windows",'Advanced L1'!$S$2:$S$78,"<>")+COUNTIFS('Germany L1'!$B$2:$B$37,"Windows",'Germany L1'!$S$2:$S$37,"<>")+COUNTIFS('Japan L7'!$B$2:$B$112,"Windows",'Japan L7'!$S$2:$S$112,"<>")+COUNTIFS('Snowden Tower L1'!$B$2:$B$86,"Windows",'Snowden Tower L1'!$S$2:$S$86,"<>")+COUNTIFS('Snowden Tower L2'!$B$2:$B$70,"Windows",'Snowden Tower L2'!$S$2:$S$70,"<>"))) -> 0.31111111 | K7: =COUNTIFS('Basic L1'!$B$2:$B$20,"Windows",'Basic L1'!$K$2:$K$20,">15")+COUNTIFS('Basic L2'!$B$2:$B$27,"Windows",'Basic L2'!$K$2:$K$27,">15")+COUNTIFS('Advanced L1'!$B$2:$B$78,"Windows",'Advanced L1'!$K$2:$K$78,">15")+COUNTIFS('Germany L1'!$B$2:$B$37,"Windows",'Germany L1'!$K$2:$K$37,">15")+COUNTIFS('Japan L7'!$B$2:$B$112,"Windows",'Japan L7'!$K$2:$K$112,">15")+COUNTIFS('Snowden Tower L1'!$B$2:$B$86,"Windows",'Snowden Tower L1'!$K$2:$K$86,">15")+COUNTIFS('Snowden Tower L2'!$B$2:$B$70,"Windows",'Snowden Tower L2'!$K$2:$K$70,">15") -> 3 | L7: 19.9535
A8: Wall Tags | B8: =COUNTIF('Basic L1'!$B$2:$B$20,"Walls")+COUNTIF('Basic L2'!$B$2:$B$27,"Walls")+COUNTIF('Advanced L1'!$B$2:$B$78,"Walls")+COUNTIF('Germany L1'!$B$2:$B$37,"Walls")+COUNTIF('Japan L7'!$B$2:$B$112,"Walls")+COUNTIF('Snowden Tower L1'!$B$2:$B$86,"Walls")+COUNTIF('Snowden Tower L2'!$B$2:$B$70,"Walls") -> 167 | C8: =IF((COUNTIFS('Basic L1'!$B$2:$B$20,"Walls",'Basic L1'!$K$2:$K$20,"<>")+COUNTIFS('Basic L2'!$B$2:$B$27,"Walls",'Basic L2'!$K$2:$K$27,"<>")+COUNTIFS('Advanced L1'!$B$2:$B$78,"Walls",'Advanced L1'!$K$2:$K$78,"<>")+COUNTIFS('Germany L1'!$B$2:$B$37,"Walls",'Germany L1'!$K$2:$K$37,"<>")+COUNTIFS('Japan L7'!$B$2:$B$112,"Walls",'Japan L7'!$K$2:$K$112,"<>")+COUNTIFS('Snowden Tower L1'!$B$2:$B$86,"Walls",'Snowden Tower L1'!$K$2:$K$86,"<>")+COUNTIFS('Snowden Tower L2'!$B$2:$B$70,"Walls",'Snowden Tower L2'!$K$2:$K$70,"<>"))=0,"N/A",(SUMIF('Basic L1'!$B$2:$B$20,"Walls",'Basic L1'!$K$2:$K$20)+SUMIF('Basic L2'!$B$2:$B$27,"Walls",'Basic L2'!$K$2:$K$27)+SUMIF('Advanced L1'!$B$2:$B$78,"Walls",'Advanced L1'!$K$2:$K$78)+SUMIF('Germany L1'!$B$2:$B$37,"Walls",'Germany L1'!$K$2:$K$37)+SUMIF('Japan L7'!$B$2:$B$112,"Walls",'Japan L7'!$K$2:$K$112)+SUMIF('Snowden Tower L1'!$B$2:$B$86,"Walls",'Snowden Tower L1'!$K$2:$K$86)+SUMIF('Snowden Tower L2'!$B$2:$B$70,"Walls",'Snowden Tower L2'!$K$2:$K$70))/(COUNTIFS('Basic L1'!$B$2:$B$20,"Walls",'Basic L1'!$K$2:$K$20,"<>")+COUNTIFS('Basic L2'!$B$2:$B$27,"Walls",'Basic L2'!$K$2:$K$27,"<>")+COUNTIFS('Advanced L1'!$B$2:$B$78,"Walls",'Advanced L1'!$K$2:$K$78,"<>")+COUNTIFS('Germany L1'!$B$2:$B$37,"Walls",'Germany L1'!$K$2:$K$37,"<>")+COUNTIFS('Japan L7'!$B$2:$B$112,"Walls",'Japan L7'!$K$2:$K$112,"<>")+COUNTIFS('Snowden Tower L1'!$B$2:$B$86,"Walls",'Snowden Tower L1'!$K$2:$K$86,"<>")+COUNTIFS('Snowden Tower L2'!$B$2:$B$70,"Walls",'Snowden Tower L2'!$K$2:$K$70,"<>"))) -> 2.2265433 | D8: {=IFERROR(MEDIAN(IF('Basic L1'!$B$2:$B$20="Walls",'Basic L1'!$K$2:$K$20),IF('Basic L2'!$B$2:$B$27="Walls",'Basic L2'!$K$2:$K$27),IF('Advanced L1'!$B$2:$B$78="Walls",'Advanced L1'!$K$2:$K$78),IF('Germany L1'!$B$2:$B$37="Walls",'Germany L1'!$K$2:$K$37),IF('Japan L7'!$B$2:$B$112="Walls",'Japan L7'!$K$2:$K$112),IF('Snowden Tower L1'!$B$2:$B$86="Walls",'Snowden Tower L1'!$K$2:$K$86),IF('Snowden Tower L2'!$B$2:$B$70="Walls",'Snowden Tower L2'!$K$2:$K$70)),"N/A")} -> 1.6480413 | E8: =IF((COUNTIFS('Basic L1'!$B$2:$B$20,"Walls",'Basic L1'!$K$2:$K$20,"<>")+COUNTIFS('Basic L2'!$B$2:$B$27,"Walls",'Basic L2'!$K$2:$K$27,"<>")+COUNTIFS('Advanced L1'!$B$2:$B$78,"Walls",'Advanced L1'!$K$2:$K$78,"<>")+COUNTIFS('Germany L1'!$B$2:$B$37,"Walls",'Germany L1'!$K$2:$K$37,"<>")+COUNTIFS('Japan L7'!$B$2:$B$112,"Walls",'Japan L7'!$K$2:$K$112,"<>")+COUNTIFS('Snowden Tower L1'!$B$2:$B$86,"Walls",'Snowden Tower L1'!$K$2:$K$86,"<>")+COUNTIFS('Snowden Tower L2'!$B$2:$B$70,"Walls",'Snowden Tower L2'!$K$2:$K$70,"<>"))=0,"N/A",SQRT((SUMPRODUCT(('Basic L1'!$B$2:$B$20="Walls")*('Basic L1'!$K$2:$K$20)*('Basic L1'!$K$2:$K$20))+SUMPRODUCT(('Basic L2'!$B$2:$B$27="Walls")*('Basic L2'!$K$2:$K$27)*('Basic L2'!$K$2:$K$27))+SUMPRODUCT(('Advanced L1'!$B$2:$B$78="Walls")*('Advanced L1'!$K$2:$K$78)*('Advanced L1'!$K$2:$K$78))+SUMPRODUCT(('Germany L1'!$B$2:$B$37="Walls")*('Germany L1'!$K$2:$K$37)*('Germany L1'!$K$2:$K$37))+SUMPRODUCT(('Japan L7'!$B$2:$B$112="Walls")*('Japan L7'!$K$2:$K$112)*('Japan L7'!$K$2:$K$112))+SUMPRODUCT(('Snowden Tower L1'!$B$2:$B$86="Walls")*('Snowden Tower L1'!$K$2:$K$86)*('Snowden Tower L1'!$K$2:$K$86))+SUMPRODUCT(('Snowden Tower L2'!$B$2:$B$70="Walls")*('Snowden Tower L2'!$K$2:$K$70)*('Snowden Tower L2'!$K$2:$K$70)))/(COUNTIFS('Basic L1'!$B$2:$B$20,"Walls",'Basic L1'!$K$2:$K$20,"<>")+COUNTIFS('Basic L2'!$B$2:$B$27,"Walls",'Basic L2'!$K$2:$K$27,"<>")+COUNTIFS('Advanced L1'!$B$2:$B$78,"Walls",'Advanced L1'!$K$2:$K$78,"<>")+COUNTIFS('Germany L1'!$B$2:$B$37,"Walls",'Germany L1'!$K$2:$K$37,"<>")+COUNTIFS('Japan L7'!$B$2:$B$112,"Walls",'Japan L7'!$K$2:$K$112,"<>")+COUNTIFS('Snowden Tower L1'!$B$2:$B$86,"Walls",'Snowden Tower L1'!$K$2:$K$86,"<>")+COUNTIFS('Snowden Tower L2'!$B$2:$B$70,"Walls",'Snowden Tower L2'!$K$2:$K$70,"<>")))) -> 3.0503649 | F8: =IF((COUNTIFS('Basic L1'!$B$2:$B$20,"Walls",'Basic L1'!$R$2:$R$20,"<>")+COUNTIFS('Basic L2'!$B$2:$B$27,"Walls",'Basic L2'!$R$2:$R$27,"<>")+COUNTIFS('Advanced L1'!$B$2:$B$78,"Walls",'Advanced L1'!$R$2:$R$78,"<>")+COUNTIFS('Germany L1'!$B$2:$B$37,"Walls",'Germany L1'!$R$2:$R$37,"<>")+COUNTIFS('Japan L7'!$B$2:$B$112,"Walls",'Japan L7'!$R$2:$R$112,"<>")+COUNTIFS('Snowden Tower L1'!$B$2:$B$86,"Walls",'Snowden Tower L1'!$R$2:$R$86,"<>")+COUNTIFS('Snowden Tower L2'!$B$2:$B$70,"Walls",'Snowden Tower L2'!$R$2:$R$70,"<>"))=0,"N/A",(SUMIFS('Basic L1'!$R$2:$R$20,'Basic L1'!$B$2:$B$20,"Walls")+SUMIFS('Basic L2'!$R$2:$R$27,'Basic L2'!$B$2:$B$27,"Walls")+SUMIFS('Advanced L1'!$R$2:$R$78,'Advanced L1'!$B$2:$B$78,"Walls")+SUMIFS('Germany L1'!$R$2:$R$37,'Germany L1'!$B$2:$B$37,"Walls")+SUMIFS('Japan L7'!$R$2:$R$112,'Japan L7'!$B$2:$B$112,"Walls")+SUMIFS('Snowden Tower L1'!$R$2:$R$86,'Snowden Tower L1'!$B$2:$B$86,"Walls")+SUMIFS('Snowden Tower L2'!$R$2:$R$70,'Snowden Tower L2'!$B$2:$B$70,"Walls"))/(COUNTIFS('Basic L1'!$B$2:$B$20,"Walls",'Basic L1'!$R$2:$R$20,"<>")+COUNTIFS('Basic L2'!$B$2:$B$27,"Walls",'Basic L2'!$R$2:$R$27,"<>")+COUNTIFS('Advanced L1'!$B$2:$B$78,"Walls",'Advanced L1'!$R$2:$R$78,"<>")+COUNTIFS('Germany L1'!$B$2:$B$37,"Walls",'Germany L1'!$R$2:$R$37,"<>")+COUNTIFS('Japan L7'!$B$2:$B$112,"Walls",'Japan L7'!$R$2:$R$112,"<>")+COUNTIFS('Snowden Tower L1'!$B$2:$B$86,"Walls",'Snowden Tower L1'!$R$2:$R$86,"<>")+COUNTIFS('Snowden Tower L2'!$B$2:$B$70,"Walls",'Snowden Tower L2'!$R$2:$R$70,"<>"))) -> 0.62874251 | G8: =IF((COUNTIFS('Basic L1'!$B$2:$B$20,"Walls",'Basic L1'!$N$2:$N$20,"<>")+COUNTIFS('Basic L2'!$B$2:$B$27,"Walls",'Basic L2'!$N$2:$N$27,"<>")+COUNTIFS('Advanced L1'!$B$2:$B$78,"Walls",'Advanced L1'!$N$2:$N$78,"<>")+COUNTIFS('Germany L1'!$B$2:$B$37,"Walls",'Germany L1'!$N$2:$N$37,"<>")+COUNTIFS('Japan L7'!$B$2:$B$112,"Walls",'Japan L7'!$N$2:$N$112,"<>")+COUNTIFS('Snowden Tower L1'!$B$2:$B$86,"Walls",'Snowden Tower L1'!$N$2:$N$86,"<>")+COUNTIFS('Snowden Tower L2'!$B$2:$B$70,"Walls",'Snowden Tower L2'!$N$2:$N$70,"<>"))=0,"N/A",(SUMIF('Basic L1'!$B$2:$B$20,"Walls",'Basic L1'!$N$2:$N$20)+SUMIF('Basic L2'!$B$2:$B$27,"Walls",'Basic L2'!$N$2:$N$27)+SUMIF('Advanced L1'!$B$2:$B$78,"Walls",'Advanced L1'!$N$2:$N$78)+SUMIF('Germany L1'!$B$2:$B$37,"Walls",'Germany L1'!$N$2:$N$37)+SUMIF('Japan L7'!$B$2:$B$112,"Walls",'Japan L7'!$N$2:$N$112)+SUMIF('Snowden Tower L1'!$B$2:$B$86,"Walls",'Snowden Tower L1'!$N$2:$N$86)+SUMIF('Snowden Tower L2'!$B$2:$B$70,"Walls",'Snowden Tower L2'!$N$2:$N$70))/(COUNTIFS('Basic L1'!$B$2:$B$20,"Walls",'Basic L1'!$N$2:$N$20,"<>")+COUNTIFS('Basic L2'!$B$2:$B$27,"Walls",'Basic L2'!$N$2:$N$27,"<>")+COUNTIFS('Advanced L1'!$B$2:$B$78,"Walls",'Advanced L1'!$N$2:$N$78,"<>")+COUNTIFS('Germany L1'!$B$2:$B$37,"Walls",'Germany L1'!$N$2:$N$37,"<>")+COUNTIFS('Japan L7'!$B$2:$B$112,"Walls",'Japan L7'!$N$2:$N$112,"<>")+COUNTIFS('Snowden Tower L1'!$B$2:$B$86,"Walls",'Snowden Tower L1'!$N$2:$N$86,"<>")+COUNTIFS('Snowden Tower L2'!$B$2:$B$70,"Walls",'Snowden Tower L2'!$N$2:$N$70,"<>"))) -> -0.068260146 | H8: =IF((COUNTIFS('Basic L1'!$B$2:$B$20,"Walls",'Basic L1'!$O$2:$O$20,"<>")+COUNTIFS('Basic L2'!$B$2:$B$27,"Walls",'Basic L2'!$O$2:$O$27,"<>")+COUNTIFS('Advanced L1'!$B$2:$B$78,"Walls",'Advanced L1'!$O$2:$O$78,"<>")+COUNTIFS('Germany L1'!$B$2:$B$37,"Walls",'Germany L1'!$O$2:$O$37,"<>")+COUNTIFS('Japan L7'!$B$2:$B$112,"Walls",'Japan L7'!$O$2:$O$112,"<>")+COUNTIFS('Snowden Tower L1'!$B$2:$B$86,"Walls",'Snowden Tower L1'!$O$2:$O$86,"<>")+COUNTIFS('Snowden Tower L2'!$B$2:$B$70,"Walls",'Snowden Tower L2'!$O$2:$O$70,"<>"))=0,"N/A",(SUMIF('Basic L1'!$B$2:$B$20,"Walls",'Basic L1'!$O$2:$O$20)+SUMIF('Basic L2'!$B$2:$B$27,"Walls",'Basic L2'!$O$2:$O$27)+SUMIF('Advanced L1'!$B$2:$B$78,"Walls",'Advanced L1'!$O$2:$O$78)+SUMIF('Germany L1'!$B$2:$B$37,"Walls",'Germany L1'!$O$2:$O$37)+SUMIF('Japan L7'!$B$2:$B$112,"Walls",'Japan L7'!$O$2:$O$112)+SUMIF('Snowden Tower L1'!$B$2:$B$86,"Walls",'Snowden Tower L1'!$O$2:$O$86)+SUMIF('Snowden Tower L2'!$B$2:$B$70,"Walls",'Snowden Tower L2'!$O$2:$O$70))/(COUNTIFS('Basic L1'!$B$2:$B$20,"Walls",'Basic L1'!$O$2:$O$20,"<>")+COUNTIFS('Basic L2'!$B$2:$B$27,"Walls",'Basic L2'!$O$2:$O$27,"<>")+COUNTIFS('Advanced L1'!$B$2:$B$78,"Walls",'Advanced L1'!$O$2:$O$78,"<>")+COUNTIFS('Germany L1'!$B$2:$B$37,"Walls",'Germany L1'!$O$2:$O$37,"<>")+COUNTIFS('Japan L7'!$B$2:$B$112,"Walls",'Japan L7'!$O$2:$O$112,"<>")+COUNTIFS('Snowden Tower L1'!$B$2:$B$86,"Walls",'Snowden Tower L1'!$O$2:$O$86,"<>")+COUNTIFS('Snowden Tower L2'!$B$2:$B$70,"Walls",'Snowden Tower L2'!$O$2:$O$70,"<>"))) -> 0.5099974 | I8: =IF((COUNTIFS('Basic L1'!$B$2:$B$20,"Walls",'Basic L1'!$S$2:$S$20,"<>")+COUNTIFS('Basic L2'!$B$2:$B$27,"Walls",'Basic L2'!$S$2:$S$27,"<>")+COUNTIFS('Advanced L1'!$B$2:$B$78,"Walls",'Advanced L1'!$S$2:$S$78,"<>")+COUNTIFS('Germany L1'!$B$2:$B$37,"Walls",'Germany L1'!$S$2:$S$37,"<>")+COUNTIFS('Japan L7'!$B$2:$B$112,"Walls",'Japan L7'!$S$2:$S$112,"<>")+COUNTIFS('Snowden Tower L1'!$B$2:$B$86,"Walls",'Snowden Tower L1'!$S$2:$S$86,"<>")+COUNTIFS('Snowden Tower L2'!$B$2:$B$70,"Walls",'Snowden Tower L2'!$S$2:$S$70,"<>"))=0,"N/A",(SUMIF('Basic L1'!$B$2:$B$20,"Walls",'Basic L1'!$S$2:$S$20)+SUMIF('Basic L2'!$B$2:$B$27,"Walls",'Basic L2'!$S$2:$S$27)+SUMIF('Advanced L1'!$B$2:$B$78,"Walls",'Advanced L1'!$S$2:$S$78)+SUMIF('Germany L1'!$B$2:$B$37,"Walls",'Germany L1'!$S$2:$S$37)+SUMIF('Japan L7'!$B$2:$B$112,"Walls",'Japan L7'!$S$2:$S$112)+SUMIF('Snowden Tower L1'!$B$2:$B$86,"Walls",'Snowden Tower L1'!$S$2:$S$86)+SUMIF('Snowden Tower L2'!$B$2:$B$70,"Walls",'Snowden Tower L2'!$S$2:$S$70))/(COUNTIFS('Basic L1'!$B$2:$B$20,"Walls",'Basic L1'!$S$2:$S$20,"<>")+COUNTIFS('Basic L2'!$B$2:$B$27,"Walls",'Basic L2'!$S$2:$S$27,"<>")+COUNTIFS('Advanced L1'!$B$2:$B$78,"Walls",'Advanced L1'!$S$2:$S$78,"<>")+COUNTIFS('Germany L1'!$B$2:$B$37,"Walls",'Germany L1'!$S$2:$S$37,"<>")+COUNTIFS('Japan L7'!$B$2:$B$112,"Walls",'Japan L7'!$S$2:$S$112,"<>")+COUNTIFS('Snowden Tower L1'!$B$2:$B$86,"Walls",'Snowden Tower L1'!$S$2:$S$86,"<>")+COUNTIFS('Snowden Tower L2'!$B$2:$B$70,"Walls",'Snowden Tower L2'!$S$2:$S$70,"<>"))) -> 1.3196133 | J8: =IF((COUNTIFS('Basic L1'!$B$2:$B$20,"Walls",'Basic L1'!$S$2:$S$20,"<>")+COUNTIFS('Basic L2'!$B$2:$B$27,"Walls",'Basic L2'!$S$2:$S$27,"<>")+COUNTIFS('Advanced L1'!$B$2:$B$78,"Walls",'Advanced L1'!$S$2:$S$78,"<>")+COUNTIFS('Germany L1'!$B$2:$B$37,"Walls",'Germany L1'!$S$2:$S$37,"<>")+COUNTIFS('Japan L7'!$B$2:$B$112,"Walls",'Japan L7'!$S$2:$S$112,"<>")+COUNTIFS('Snowden Tower L1'!$B$2:$B$86,"Walls",'Snowden Tower L1'!$S$2:$S$86,"<>")+COUNTIFS('Snowden Tower L2'!$B$2:$B$70,"Walls",'Snowden Tower L2'!$S$2:$S$70,"<>"))=0,"N/A",(COUNTIFS('Basic L1'!$B$2:$B$20,"Walls",'Basic L1'!$S$2:$S$20,">1")+COUNTIFS('Basic L2'!$B$2:$B$27,"Walls",'Basic L2'!$S$2:$S$27,">1")+COUNTIFS('Advanced L1'!$B$2:$B$78,"Walls",'Advanced L1'!$S$2:$S$78,">1")+COUNTIFS('Germany L1'!$B$2:$B$37,"Walls",'Germany L1'!$S$2:$S$37,">1")+COUNTIFS('Japan L7'!$B$2:$B$112,"Walls",'Japan L7'!$S$2:$S$112,">1")+COUNTIFS('Snowden Tower L1'!$B$2:$B$86,"Walls",'Snowden Tower L1'!$S$2:$S$86,">1")+COUNTIFS('Snowden Tower L2'!$B$2:$B$70,"Walls",'Snowden Tower L2'!$S$2:$S$70,">1"))/(COUNTIFS('Basic L1'!$B$2:$B$20,"Walls",'Basic L1'!$S$2:$S$20,"<>")+COUNTIFS('Basic L2'!$B$2:$B$27,"Walls",'Basic L2'!$S$2:$S$27,"<>")+COUNTIFS('Advanced L1'!$B$2:$B$78,"Walls",'Advanced L1'!$S$2:$S$78,"<>")+COUNTIFS('Germany L1'!$B$2:$B$37,"Walls",'Germany L1'!$S$2:$S$37,"<>")+COUNTIFS('Japan L7'!$B$2:$B$112,"Walls",'Japan L7'!$S$2:$S$112,"<>")+COUNTIFS('Snowden Tower L1'!$B$2:$B$86,"Walls",'Snowden Tower L1'!$S$2:$S$86,"<>")+COUNTIFS('Snowden Tower L2'!$B$2:$B$70,"Walls",'Snowden Tower L2'!$S$2:$S$70,"<>"))) -> 0.67065868 | K8: =COUNTIFS('Basic L1'!$B$2:$B$20,"Walls",'Basic L1'!$K$2:$K$20,">15")+COUNTIFS('Basic L2'!$B$2:$B$27,"Walls",'Basic L2'!$K$2:$K$27,">15")+COUNTIFS('Advanced L1'!$B$2:$B$78,"Walls",'Advanced L1'!$K$2:$K$78,">15")+COUNTIFS('Germany L1'!$B$2:$B$37,"Walls",'Germany L1'!$K$2:$K$37,">15")+COUNTIFS('Japan L7'!$B$2:$B$112,"Walls",'Japan L7'!$K$2:$K$112,">15")+COUNTIFS('Snowden Tower L1'!$B$2:$B$86,"Walls",'Snowden Tower L1'!$K$2:$K$86,">15")+COUNTIFS('Snowden Tower L2'!$B$2:$B$70,"Walls",'Snowden Tower L2'!$K$2:$K$70,">15") -> 0 | L8: 7.0315
A9: Room Tags | B9: =COUNTIF('Basic L1'!$B$2:$B$20,"Room Tags")+COUNTIF('Basic L2'!$B$2:$B$27,"Room Tags")+COUNTIF('Advanced L1'!$B$2:$B$78,"Room Tags")+COUNTIF('Germany L1'!$B$2:$B$37,"Room Tags")+COUNTIF('Japan L7'!$B$2:$B$112,"Room Tags")+COUNTIF('Snowden Tower L1'!$B$2:$B$86,"Room Tags")+COUNTIF('Snowden Tower L2'!$B$2:$B$70,"Room Tags") -> 95 | C9: =IF((COUNTIFS('Basic L1'!$B$2:$B$20,"Room Tags",'Basic L1'!$K$2:$K$20,"<>")+COUNTIFS('Basic L2'!$B$2:$B$27,"Room Tags",'Basic L2'!$K$2:$K$27,"<>")+COUNTIFS('Advanced L1'!$B$2:$B$78,"Room Tags",'Advanced L1'!$K$2:$K$78,"<>")+COUNTIFS('Germany L1'!$B$2:$B$37,"Room Tags",'Germany L1'!$K$2:$K$37,"<>")+COUNTIFS('Japan L7'!$B$2:$B$112,"Room Tags",'Japan L7'!$K$2:$K$112,"<>")+COUNTIFS('Snowden Tower L1'!$B$2:$B$86,"Room Tags",'Snowden Tower L1'!$K$2:$K$86,"<>")+COUNTIFS('Snowden Tower L2'!$B$2:$B$70,"Room Tags",'Snowden Tower L2'!$K$2:$K$70,"<>"))=0,"N/A",(SUMIF('Basic L1'!$B$2:$B$20,"Room Tags",'Basic L1'!$K$2:$K$20)+SUMIF('Basic L2'!$B$2:$B$27,"Room Tags",'Basic L2'!$K$2:$K$27)+SUMIF('Advanced L1'!$B$2:$B$78,"Room Tags",'Advanced L1'!$K$2:$K$78)+SUMIF('Germany L1'!$B$2:$B$37,"Room Tags",'Germany L1'!$K$2:$K$37)+SUMIF('Japan L7'!$B$2:$B$112,"Room Tags",'Japan L7'!$K$2:$K$112)+SUMIF('Snowden Tower L1'!$B$2:$B$86,"Room Tags",'Snowden Tower L1'!$K$2:$K$86)+SUMIF('Snowden Tower L2'!$B$2:$B$70,"Room Tags",'Snowden Tower L2'!$K$2:$K$70))/(COUNTIFS('Basic L1'!$B$2:$B$20,"Room Tags",'Basic L1'!$K$2:$K$20,"<>")+COUNTIFS('Basic L2'!$B$2:$B$27,"Room Tags",'Basic L2'!$K$2:$K$27,"<>")+COUNTIFS('Advanced L1'!$B$2:$B$78,"Room Tags",'Advanced L1'!$K$2:$K$78,"<>")+COUNTIFS('Germany L1'!$B$2:$B$37,"Room Tags",'Germany L1'!$K$2:$K$37,"<>")+COUNTIFS('Japan L7'!$B$2:$B$112,"Room Tags",'Japan L7'!$K$2:$K$112,"<>")+COUNTIFS('Snowden Tower L1'!$B$2:$B$86,"Room Tags",'Snowden Tower L1'!$K$2:$K$86,"<>")+COUNTIFS('Snowden Tower L2'!$B$2:$B$70,"Room Tags",'Snowden Tower L2'!$K$2:$K$70,"<>"))) -> 4.4262474 | D9: {=IFERROR(MEDIAN(IF('Basic L1'!$B$2:$B$20="Room Tags",'Basic L1'!$K$2:$K$20),IF('Basic L2'!$B$2:$B$27="Room Tags",'Basic L2'!$K$2:$K$27),IF('Advanced L1'!$B$2:$B$78="Room Tags",'Advanced L1'!$K$2:$K$78),IF('Germany L1'!$B$2:$B$37="Room Tags",'Germany L1'!$K$2:$K$37),IF('Japan L7'!$B$2:$B$112="Room Tags",'Japan L7'!$K$2:$K$112),IF('Snowden Tower L1'!$B$2:$B$86="Room Tags",'Snowden Tower L1'!$K$2:$K$86),IF('Snowden Tower L2'!$B$2:$B$70="Room Tags",'Snowden Tower L2'!$K$2:$K$70)),"N/A")} -> 2.431353 | E9: =IF((COUNTIFS('Basic L1'!$B$2:$B$20,"Room Tags",'Basic L1'!$K$2:$K$20,"<>")+COUNTIFS('Basic L2'!$B$2:$B$27,"Room Tags",'Basic L2'!$K$2:$K$27,"<>")+COUNTIFS('Advanced L1'!$B$2:$B$78,"Room Tags",'Advanced L1'!$K$2:$K$78,"<>")+COUNTIFS('Germany L1'!$B$2:$B$37,"Room Tags",'Germany L1'!$K$2:$K$37,"<>")+COUNTIFS('Japan L7'!$B$2:$B$112,"Room Tags",'Japan L7'!$K$2:$K$112,"<>")+COUNTIFS('Snowden Tower L1'!$B$2:$B$86,"Room Tags",'Snowden Tower L1'!$K$2:$K$86,"<>")+COUNTIFS('Snowden Tower L2'!$B$2:$B$70,"Room Tags",'Snowden Tower L2'!$K$2:$K$70,"<>"))=0,"N/A",SQRT((SUMPRODUCT(('Basic L1'!$B$2:$B$20="Room Tags")*('Basic L1'!$K$2:$K$20)*('Basic L1'!$K$2:$K$20))+SUMPRODUCT(('Basic L2'!$B$2:$B$27="Room Tags")*('Basic L2'!$K$2:$K$27)*('Basic L2'!$K$2:$K$27))+SUMPRODUCT(('Advanced L1'!$B$2:$B$78="Room Tags")*('Advanced L1'!$K$2:$K$78)*('Advanced L1'!$K$2:$K$78))+SUMPRODUCT(('Germany L1'!$B$2:$B$37="Room Tags")*('Germany L1'!$K$2:$K$37)*('Germany L1'!$K$2:$K$37))+SUMPRODUCT(('Japan L7'!$B$2:$B$112="Room Tags")*('Japan L7'!$K$2:$K$112)*('Japan L7'!$K$2:$K$112))+SUMPRODUCT(('Snowden Tower L1'!$B$2:$B$86="Room Tags")*('Snowden Tower L1'!$K$2:$K$86)*('Snowden Tower L1'!$K$2:$K$86))+SUMPRODUCT(('Snowden Tower L2'!$B$2:$B$70="Room Tags")*('Snowden Tower L2'!$K$2:$K$70)*('Snowden Tower L2'!$K$2:$K$70)))/(COUNTIFS('Basic L1'!$B$2:$B$20,"Room Tags",'Basic L1'!$K$2:$K$20,"<>")+COUNTIFS('Basic L2'!$B$2:$B$27,"Room Tags",'Basic L2'!$K$2:$K$27,"<>")+COUNTIFS('Advanced L1'!$B$2:$B$78,"Room Tags",'Advanced L1'!$K$2:$K$78,"<>")+COUNTIFS('Germany L1'!$B$2:$B$37,"Room Tags",'Germany L1'!$K$2:$K$37,"<>")+COUNTIFS('Japan L7'!$B$2:$B$112,"Room Tags",'Japan L7'!$K$2:$K$112,"<>")+COUNTIFS('Snowden Tower L1'!$B$2:$B$86,"Room Tags",'Snowden Tower L1'!$K$2:$K$86,"<>")+COUNTIFS('Snowden Tower L2'!$B$2:$B$70,"Room Tags",'Snowden Tower L2'!$K$2:$K$70,"<>")))) -> 7.3735718 | F9: =IF((COUNTIFS('Basic L1'!$B$2:$B$20,"Room Tags",'Basic L1'!$R$2:$R$20,"<>")+COUNTIFS('Basic L2'!$B$2:$B$27,"Room Tags",'Basic L2'!$R$2:$R$27,"<>")+COUNTIFS('Advanced L1'!$B$2:$B$78,"Room Tags",'Advanced L1'!$R$2:$R$78,"<>")+COUNTIFS('Germany L1'!$B$2:$B$37,"Room Tags",'Germany L1'!$R$2:$R$37,"<>")+COUNTIFS('Japan L7'!$B$2:$B$112,"Room Tags",'Japan L7'!$R$2:$R$112,"<>")+COUNTIFS('Snowden Tower L1'!$B$2:$B$86,"Room Tags",'Snowden Tower L1'!$R$2:$R$86,"<>")+COUNTIFS('Snowden Tower L2'!$B$2:$B$70,"Room Tags",'Snowden Tower L2'!$R$2:$R$70,"<>"))=0,"N/A",(SUMIFS('Basic L1'!$R$2:$R$20,'Basic L1'!$B$2:$B$20,"Room Tags")+SUMIFS('Basic L2'!$R$2:$R$27,'Basic L2'!$B$2:$B$27,"Room Tags")+SUMIFS('Advanced L1'!$R$2:$R$78,'Advanced L1'!$B$2:$B$78,"Room Tags")+SUMIFS('Germany L1'!$R$2:$R$37,'Germany L1'!$B$2:$B$37,"Room Tags")+SUMIFS('Japan L7'!$R$2:$R$112,'Japan L7'!$B$2:$B$112,"Room Tags")+SUMIFS('Snowden Tower L1'!$R$2:$R$86,'Snowden Tower L1'!$B$2:$B$86,"Room Tags")+SUMIFS('Snowden Tower L2'!$R$2:$R$70,'Snowden Tower L2'!$B$2:$B$70,"Room Tags"))/(COUNTIFS('Basic L1'!$B$2:$B$20,"Room Tags",'Basic L1'!$R$2:$R$20,"<>")+COUNTIFS('Basic L2'!$B$2:$B$27,"Room Tags",'Basic L2'!$R$2:$R$27,"<>")+COUNTIFS('Advanced L1'!$B$2:$B$78,"Room Tags",'Advanced L1'!$R$2:$R$78,"<>")+COUNTIFS('Germany L1'!$B$2:$B$37,"Room Tags",'Germany L1'!$R$2:$R$37,"<>")+COUNTIFS('Japan L7'!$B$2:$B$112,"Room Tags",'Japan L7'!$R$2:$R$112,"<>")+COUNTIFS('Snowden Tower L1'!$B$2:$B$86,"Room Tags",'Snowden Tower L1'!$R$2:$R$86,"<>")+COUNTIFS('Snowden Tower L2'!$B$2:$B$70,"Room Tags",'Snowden Tower L2'!$R$2:$R$70,"<>"))) -> 0.43157895 | G9: =IF((COUNTIFS('Basic L1'!$B$2:$B$20,"Room Tags",'Basic L1'!$N$2:$N$20,"<>")+COUNTIFS('Basic L2'!$B$2:$B$27,"Room Tags",'Basic L2'!$N$2:$N$27,"<>")+COUNTIFS('Advanced L1'!$B$2:$B$78,"Room Tags",'Advanced L1'!$N$2:$N$78,"<>")+COUNTIFS('Germany L1'!$B$2:$B$37,"Room Tags",'Germany L1'!$N$2:$N$37,"<>")+COUNTIFS('Japan L7'!$B$2:$B$112,"Room Tags",'Japan L7'!$N$2:$N$112,"<>")+COUNTIFS('Snowden Tower L1'!$B$2:$B$86,"Room Tags",'Snowden Tower L1'!$N$2:$N$86,"<>")+COUNTIFS('Snowden Tower L2'!$B$2:$B$70,"Room Tags",'Snowden Tower L2'!$N$2:$N$70,"<>"))=0,"N/A",(SUMIF('Basic L1'!$B$2:$B$20,"Room Tags",'Basic L1'!$N$2:$N$20)+SUMIF('Basic L2'!$B$2:$B$27,"Room Tags",'Basic L2'!$N$2:$N$27)+SUMIF('Advanced L1'!$B$2:$B$78,"Room Tags",'Advanced L1'!$N$2:$N$78)+SUMIF('Germany L1'!$B$2:$B$37,"Room Tags",'Germany L1'!$N$2:$N$37)+SUMIF('Japan L7'!$B$2:$B$112,"Room Tags",'Japan L7'!$N$2:$N$112)+SUMIF('Snowden Tower L1'!$B$2:$B$86,"Room Tags",'Snowden Tower L1'!$N$2:$N$86)+SUMIF('Snowden Tower L2'!$B$2:$B$70,"Room Tags",'Snowden Tower L2'!$N$2:$N$70))/(COUNTIFS('Basic L1'!$B$2:$B$20,"Room Tags",'Basic L1'!$N$2:$N$20,"<>")+COUNTIFS('Basic L2'!$B$2:$B$27,"Room Tags",'Basic L2'!$N$2:$N$27,"<>")+COUNTIFS('Advanced L1'!$B$2:$B$78,"Room Tags",'Advanced L1'!$N$2:$N$78,"<>")+COUNTIFS('Germany L1'!$B$2:$B$37,"Room Tags",'Germany L1'!$N$2:$N$37,"<>")+COUNTIFS('Japan L7'!$B$2:$B$112,"Room Tags",'Japan L7'!$N$2:$N$112,"<>")+COUNTIFS('Snowden Tower L1'!$B$2:$B$86,"Room Tags",'Snowden Tower L1'!$N$2:$N$86,"<>")+COUNTIFS('Snowden Tower L2'!$B$2:$B$70,"Room Tags",'Snowden Tower L2'!$N$2:$N$70,"<>"))) -> -0.47739709 | H9: =IF((COUNTIFS('Basic L1'!$B$2:$B$20,"Room Tags",'Basic L1'!$O$2:$O$20,"<>")+COUNTIFS('Basic L2'!$B$2:$B$27,"Room Tags",'Basic L2'!$O$2:$O$27,"<>")+COUNTIFS('Advanced L1'!$B$2:$B$78,"Room Tags",'Advanced L1'!$O$2:$O$78,"<>")+COUNTIFS('Germany L1'!$B$2:$B$37,"Room Tags",'Germany L1'!$O$2:$O$37,"<>")+COUNTIFS('Japan L7'!$B$2:$B$112,"Room Tags",'Japan L7'!$O$2:$O$112,"<>")+COUNTIFS('Snowden Tower L1'!$B$2:$B$86,"Room Tags",'Snowden Tower L1'!$O$2:$O$86,"<>")+COUNTIFS('Snowden Tower L2'!$B$2:$B$70,"Room Tags",'Snowden Tower L2'!$O$2:$O$70,"<>"))=0,"N/A",(SUMIF('Basic L1'!$B$2:$B$20,"Room Tags",'Basic L1'!$O$2:$O$20)+SUMIF('Basic L2'!$B$2:$B$27,"Room Tags",'Basic L2'!$O$2:$O$27)+SUMIF('Advanced L1'!$B$2:$B$78,"Room Tags",'Advanced L1'!$O$2:$O$78)+SUMIF('Germany L1'!$B$2:$B$37,"Room Tags",'Germany L1'!$O$2:$O$37)+SUMIF('Japan L7'!$B$2:$B$112,"Room Tags",'Japan L7'!$O$2:$O$112)+SUMIF('Snowden Tower L1'!$B$2:$B$86,"Room Tags",'Snowden Tower L1'!$O$2:$O$86)+SUMIF('Snowden Tower L2'!$B$2:$B$70,"Room Tags",'Snowden Tower L2'!$O$2:$O$70))/(COUNTIFS('Basic L1'!$B$2:$B$20,"Room Tags",'Basic L1'!$O$2:$O$20,"<>")+COUNTIFS('Basic L2'!$B$2:$B$27,"Room Tags",'Basic L2'!$O$2:$O$27,"<>")+COUNTIFS('Advanced L1'!$B$2:$B$78,"Room Tags",'Advanced L1'!$O$2:$O$78,"<>")+COUNTIFS('Germany L1'!$B$2:$B$37,"Room Tags",'Germany L1'!$O$2:$O$37,"<>")+COUNTIFS('Japan L7'!$B$2:$B$112,"Room Tags",'Japan L7'!$O$2:$O$112,"<>")+COUNTIFS('Snowden Tower L1'!$B$2:$B$86,"Room Tags",'Snowden Tower L1'!$O$2:$O$86,"<>")+COUNTIFS('Snowden Tower L2'!$B$2:$B$70,"Room Tags",'Snowden Tower L2'!$O$2:$O$70,"<>"))) -> 0.41208471 | I9: =IF((COUNTIFS('Basic L1'!$B$2:$B$20,"Room Tags",'Basic L1'!$S$2:$S$20,"<>")+COUNTIFS('Basic L2'!$B$2:$B$27,"Room Tags",'Basic L2'!$S$2:$S$27,"<>")+COUNTIFS('Advanced L1'!$B$2:$B$78,"Room Tags",'Advanced L1'!$S$2:$S$78,"<>")+COUNTIFS('Germany L1'!$B$2:$B$37,"Room Tags",'Germany L1'!$S$2:$S$37,"<>")+COUNTIFS('Japan L7'!$B$2:$B$112,"Room Tags",'Japan L7'!$S$2:$S$112,"<>")+COUNTIFS('Snowden Tower L1'!$B$2:$B$86,"Room Tags",'Snowden Tower L1'!$S$2:$S$86,"<>")+COUNTIFS('Snowden Tower L2'!$B$2:$B$70,"Room Tags",'Snowden Tower L2'!$S$2:$S$70,"<>"))=0,"N/A",(SUMIF('Basic L1'!$B$2:$B$20,"Room Tags",'Basic L1'!$S$2:$S$20)+SUMIF('Basic L2'!$B$2:$B$27,"Room Tags",'Basic L2'!$S$2:$S$27)+SUMIF('Advanced L1'!$B$2:$B$78,"Room Tags",'Advanced L1'!$S$2:$S$78)+SUMIF('Germany L1'!$B$2:$B$37,"Room Tags",'Germany L1'!$S$2:$S$37)+SUMIF('Japan L7'!$B$2:$B$112,"Room Tags",'Japan L7'!$S$2:$S$112)+SUMIF('Snowden Tower L1'!$B$2:$B$86,"Room Tags",'Snowden Tower L1'!$S$2:$S$86)+SUMIF('Snowden Tower L2'!$B$2:$B$70,"Room Tags",'Snowden Tower L2'!$S$2:$S$70))/(COUNTIFS('Basic L1'!$B$2:$B$20,"Room Tags",'Basic L1'!$S$2:$S$20,"<>")+COUNTIFS('Basic L2'!$B$2:$B$27,"Room Tags",'Basic L2'!$S$2:$S$27,"<>")+COUNTIFS('Advanced L1'!$B$2:$B$78,"Room Tags",'Advanced L1'!$S$2:$S$78,"<>")+COUNTIFS('Germany L1'!$B$2:$B$37,"Room Tags",'Germany L1'!$S$2:$S$37,"<>")+COUNTIFS('Japan L7'!$B$2:$B$112,"Room Tags",'Japan L7'!$S$2:$S$112,"<>")+COUNTIFS('Snowden Tower L1'!$B$2:$B$86,"Room Tags",'Snowden Tower L1'!$S$2:$S$86,"<>")+COUNTIFS('Snowden Tower L2'!$B$2:$B$70,"Room Tags",'Snowden Tower L2'!$S$2:$S$70,"<>"))) -> 1.4111282 | J9: =IF((COUNTIFS('Basic L1'!$B$2:$B$20,"Room Tags",'Basic L1'!$S$2:$S$20,"<>")+COUNTIFS('Basic L2'!$B$2:$B$27,"Room Tags",'Basic L2'!$S$2:$S$27,"<>")+COUNTIFS('Advanced L1'!$B$2:$B$78,"Room Tags",'Advanced L1'!$S$2:$S$78,"<>")+COUNTIFS('Germany L1'!$B$2:$B$37,"Room Tags",'Germany L1'!$S$2:$S$37,"<>")+COUNTIFS('Japan L7'!$B$2:$B$112,"Room Tags",'Japan L7'!$S$2:$S$112,"<>")+COUNTIFS('Snowden Tower L1'!$B$2:$B$86,"Room Tags",'Snowden Tower L1'!$S$2:$S$86,"<>")+COUNTIFS('Snowden Tower L2'!$B$2:$B$70,"Room Tags",'Snowden Tower L2'!$S$2:$S$70,"<>"))=0,"N/A",(COUNTIFS('Basic L1'!$B$2:$B$20,"Room Tags",'Basic L1'!$S$2:$S$20,">1")+COUNTIFS('Basic L2'!$B$2:$B$27,"Room Tags",'Basic L2'!$S$2:$S$27,">1")+COUNTIFS('Advanced L1'!$B$2:$B$78,"Room Tags",'Advanced L1'!$S$2:$S$78,">1")+COUNTIFS('Germany L1'!$B$2:$B$37,"Room Tags",'Germany L1'!$S$2:$S$37,">1")+COUNTIFS('Japan L7'!$B$2:$B$112,"Room Tags",'Japan L7'!$S$2:$S$112,">1")+COUNTIFS('Snowden Tower L1'!$B$2:$B$86,"Room Tags",'Snowden Tower L1'!$S$2:$S$86,">1")+COUNTIFS('Snowden Tower L2'!$B$2:$B$70,"Room Tags",'Snowden Tower L2'!$S$2:$S$70,">1"))/(COUNTIFS('Basic L1'!$B$2:$B$20,"Room Tags",'Basic L1'!$S$2:$S$20,"<>")+COUNTIFS('Basic L2'!$B$2:$B$27,"Room Tags",'Basic L2'!$S$2:$S$27,"<>")+COUNTIFS('Advanced L1'!$B$2:$B$78,"Room Tags",'Advanced L1'!$S$2:$S$78,"<>")+COUNTIFS('Germany L1'!$B$2:$B$37,"Room Tags",'Germany L1'!$S$2:$S$37,"<>")+COUNTIFS('Japan L7'!$B$2:$B$112,"Room Tags",'Japan L7'!$S$2:$S$112,"<>")+COUNTIFS('Snowden Tower L1'!$B$2:$B$86,"Room Tags",'Snowden Tower L1'!$S$2:$S$86,"<>")+COUNTIFS('Snowden Tower L2'!$B$2:$B$70,"Room Tags",'Snowden Tower L2'!$S$2:$S$70,"<>"))) -> 0.38947368 | K9: =COUNTIFS('Basic L1'!$B$2:$B$20,"Room Tags",'Basic L1'!$K$2:$K$20,">15")+COUNTIFS('Basic L2'!$B$2:$B$27,"Room Tags",'Basic L2'!$K$2:$K$27,">15")+COUNTIFS('Advanced L1'!$B$2:$B$78,"Room Tags",'Advanced L1'!$K$2:$K$78,">15")+COUNTIFS('Germany L1'!$B$2:$B$37,"Room Tags",'Germany L1'!$K$2:$K$37,">15")+COUNTIFS('Japan L7'!$B$2:$B$112,"Room Tags",'Japan L7'!$K$2:$K$112,">15")+COUNTIFS('Snowden Tower L1'!$B$2:$B$86,"Room Tags",'Snowden Tower L1'!$K$2:$K$86,">15")+COUNTIFS('Snowden Tower L2'!$B$2:$B$70,"Room Tags",'Snowden Tower L2'!$K$2:$K$70,">15") -> 7 | L9: 19.4278
A12: PER-FLOORPLAN BREAKDOWN
A13: Floorplan | B13: Quantity | C13: Mean Dist_From_Optimal | D13: Median Dist_From_Optimal | E13: RMSE Dist_From_Optimal | F13: Win Rate | G13: Mean Error Reduction | H13: Mean Cosine Similarity | I13: Mean Solver-vs- Human Ratio | J13: % Further Than Human | K13: Gross Failures | L13: 95th Pct Dist_From_Optimal
A14: Basic L1 | B14: =COUNTA('Basic L1'!$B$2:$B$20) -> 19 | C14: =IF(COUNT('Basic L1'!$K$2:$K$20)=0,"N/A",AVERAGE('Basic L1'!$K$2:$K$20)) -> 2.1132811 | D14: =IFERROR(MEDIAN('Basic L1'!$K$2:$K$20),"N/A") -> 1.1814 | E14: {=IF(COUNT('Basic L1'!$K$2:$K$20)=0,"N/A",SQRT(SUMPRODUCT(ISNUMBER('Basic L1'!$K$2:$K$20)*(IF(ISNUMBER('Basic L1'!$K$2:$K$20),'Basic L1'!$K$2:$K$20,0))^2)/COUNT('Basic L1'!$K$2:$K$20)))} -> 3.1628276 | F14: =IF(COUNT('Basic L1'!$R$2:$R$20)=0,"N/A",COUNTIF('Basic L1'!$R$2:$R$20,1)/COUNT('Basic L1'!$R$2:$R$20)) -> 0.73684211 | G14: =IF(COUNT('Basic L1'!$N$2:$N$20)=0,"N/A",AVERAGE('Basic L1'!$N$2:$N$20)) -> 0.22216083 | H14: =IF(COUNT('Basic L1'!$O$2:$O$20)=0,"N/A",AVERAGE('Basic L1'!$O$2:$O$20)) -> 0.62266302 | I14: =IF(COUNT('Basic L1'!$S$2:$S$20)=0,"N/A",AVERAGE('Basic L1'!$S$2:$S$20)) -> 0.85778937 | J14: =IF(COUNT('Basic L1'!$S$2:$S$20)=0,"N/A",COUNTIF('Basic L1'!$S$2:$S$20,">1")/COUNT('Basic L1'!$S$2:$S$20)) -> 0.15789474 | K14: =COUNTIF('Basic L1'!$K$2:$K$20,">15.0") -> 0 | L14: =IFERROR(_xlfn.PERCENTILE.INC('Basic L1'!$K$2:$K$20,0.95),"N/A") -> 5.886174
A15: Basic L2 | B15: =COUNTA('Basic L2'!$B$2:$B$27) -> 26 | C15: =IF(COUNT('Basic L2'!$K$2:$K$27)=0,"N/A",AVERAGE('Basic L2'!$K$2:$K$27)) -> 2.0503314 | D15: =IFERROR(MEDIAN('Basic L2'!$K$2:$K$27),"N/A") -> 1.8516597 | E15: {=IF(COUNT('Basic L2'!$K$2:$K$27)=0,"N/A",SQRT(SUMPRODUCT(ISNUMBER('Basic L2'!$K$2:$K$27)*(IF(ISNUMBER('Basic L2'!$K$2:$K$27),'Basic L2'!$K$2:$K$27,0))^2)/COUNT('Basic L2'!$K$2:$K$27)))} -> 2.808193 | F15: =IF(COUNT('Basic L2'!$R$2:$R$27)=0,"N/A",COUNTIF('Basic L2'!$R$2:$R$27,1)/COUNT('Basic L2'!$R$2:$R$27)) -> 0.61111111 | G15: =IF(COUNT('Basic L2'!$N$2:$N$27)=0,"N/A",AVERAGE('Basic L2'!$N$2:$N$27)) -> -0.3735381 | H15: =IF(COUNT('Basic L2'!$O$2:$O$27)=0,"N/A",AVERAGE('Basic L2'!$O$2:$O$27)) -> 0.53357784 | I15: =IF(COUNT('Basic L2'!$S$2:$S$27)=0,"N/A",AVERAGE('Basic L2'!$S$2:$S$27)) -> 0.82356511 | J15: =IF(COUNT('Basic L2'!$S$2:$S$27)=0,"N/A",COUNTIF('Basic L2'!$S$2:$S$27,">1")/COUNT('Basic L2'!$S$2:$S$27)) -> 0.16666667 | K15: =COUNTIF('Basic L2'!$K$2:$K$27,">15.0") -> 0 | L15: =IFERROR(_xlfn.PERCENTILE.INC('Basic L2'!$K$2:$K$27,0.95),"N/A") -> 3.3170928
A16: Advanced L1 | B16: =COUNTA('Advanced L1'!$B$2:$B$78) -> 77 | C16: =IF(COUNT('Advanced L1'!$K$2:$K$78)=0,"N/A",AVERAGE('Advanced L1'!$K$2:$K$78)) -> 3.3869185 | D16: =IFERROR(MEDIAN('Advanced L1'!$K$2:$K$78),"N/A") -> 1.3159043 | E16: {=IF(COUNT('Advanced L1'!$K$2:$K$78)=0,"N/A",SQRT(SUMPRODUCT(ISNUMBER('Advanced L1'!$K$2:$K$78)*(IF(ISNUMBER('Advanced L1'!$K$2:$K$78),'Advanced L1'!$K$2:$K$78,0))^2)/COUNT('Advanced L1'!$K$2:$K$78)))} -> 6.0886005 | F16: =IF(COUNT('Advanced L1'!$R$2:$R$78)=0,"N/A",COUNTIF('Advanced L1'!$R$2:$R$78,1)/COUNT('Advanced L1'!$R$2:$R$78)) -> 0.57894737 | G16: =IF(COUNT('Advanced L1'!$N$2:$N$78)=0,"N/A",AVERAGE('Advanced L1'!$N$2:$N$78)) -> -0.59345195 | H16: =IF(COUNT('Advanced L1'!$O$2:$O$78)=0,"N/A",AVERAGE('Advanced L1'!$O$2:$O$78)) -> 0.58944562 | I16: =IF(COUNT('Advanced L1'!$S$2:$S$78)=0,"N/A",AVERAGE('Advanced L1'!$S$2:$S$78)) -> 1.9666594 | J16: =IF(COUNT('Advanced L1'!$S$2:$S$78)=0,"N/A",COUNTIF('Advanced L1'!$S$2:$S$78,">1")/COUNT('Advanced L1'!$S$2:$S$78)) -> 0.8245614 | K16: =COUNTIF('Advanced L1'!$K$2:$K$78,">15.0") -> 4 | L16: =IFERROR(_xlfn.PERCENTILE.INC('Advanced L1'!$K$2:$K$78,0.95),"N/A") -> 13.378105
A17: Germany L1 | B17: =COUNTA('Germany L1'!$B$2:$B$37) -> 36 | C17: =IF(COUNT('Germany L1'!$K$2:$K$37)=0,"N/A",AVERAGE('Germany L1'!$K$2:$K$37)) -> 2.043472 | D17: =IFERROR(MEDIAN('Germany L1'!$K$2:$K$37),"N/A") -> 1.4401 | E17: {=IF(COUNT('Germany L1'!$K$2:$K$37)=0,"N/A",SQRT(SUMPRODUCT(ISNUMBER('Germany L1'!$K$2:$K$37)*(IF(ISNUMBER('Germany L1'!$K$2:$K$37),'Germany L1'!$K$2:$K$37,0))^2)/COUNT('Germany L1'!$K$2:$K$37)))} -> 2.6880276 | F17: =IF(COUNT('Germany L1'!$R$2:$R$37)=0,"N/A",COUNTIF('Germany L1'!$R$2:$R$37,1)/COUNT('Germany L1'!$R$2:$R$37)) -> 0.77777778 | G17: =IF(COUNT('Germany L1'!$N$2:$N$37)=0,"N/A",AVERAGE('Germany L1'!$N$2:$N$37)) -> -0.28045331 | H17: =IF(COUNT('Germany L1'!$O$2:$O$37)=0,"N/A",AVERAGE('Germany L1'!$O$2:$O$37)) -> 0.78160236 | I17: =IF(COUNT('Germany L1'!$S$2:$S$37)=0,"N/A",AVERAGE('Germany L1'!$S$2:$S$37)) -> 1.9394386 | J17: =IF(COUNT('Germany L1'!$S$2:$S$37)=0,"N/A",COUNTIF('Germany L1'!$S$2:$S$37,">1")/COUNT('Germany L1'!$S$2:$S$37)) -> 0.83333333 | K17: =COUNTIF('Germany L1'!$K$2:$K$37,">15.0") -> 0 | L17: =IFERROR(_xlfn.PERCENTILE.INC('Germany L1'!$K$2:$K$37,0.95),"N/A") -> 5.5225216
A18: Japan L7 | B18: =COUNTA('Japan L7'!$B$2:$B$112) -> 111 | C18: =IF(COUNT('Japan L7'!$K$2:$K$112)=0,"N/A",AVERAGE('Japan L7'!$K$2:$K$112)) -> 9.3406987 | D18: =IFERROR(MEDIAN('Japan L7'!$K$2:$K$112),"N/A") -> 1.9413786 | E18: {=IF(COUNT('Japan L7'!$K$2:$K$112)=0,"N/A",SQRT(SUMPRODUCT(ISNUMBER('Japan L7'!$K$2:$K$112)*(IF(ISNUMBER('Japan L7'!$K$2:$K$112),'Japan L7'!$K$2:$K$112,0))^2)/COUNT('Japan L7'!$K$2:$K$112)))} -> 20.845739 | F18: =IF(COUNT('Japan L7'!$R$2:$R$112)=0,"N/A",COUNTIF('Japan L7'!$R$2:$R$112,1)/COUNT('Japan L7'!$R$2:$R$112)) -> 0.38181818 | G18: =IF(COUNT('Japan L7'!$N$2:$N$112)=0,"N/A",AVERAGE('Japan L7'!$N$2:$N$112)) -> -8.1438298 | H18: =IF(COUNT('Japan L7'!$O$2:$O$112)=0,"N/A",AVERAGE('Japan L7'!$O$2:$O$112)) -> 0.21613928 | I18: =IF(COUNT('Japan L7'!$S$2:$S$112)=0,"N/A",AVERAGE('Japan L7'!$S$2:$S$112)) -> 9.195825 | J18: =IF(COUNT('Japan L7'!$S$2:$S$112)=0,"N/A",COUNTIF('Japan L7'!$S$2:$S$112,">1")/COUNT('Japan L7'!$S$2:$S$112)) -> 0.8 | K18: =COUNTIF('Japan L7'!$K$2:$K$112,">15.0") -> 18 | L18: =IFERROR(_xlfn.PERCENTILE.INC('Japan L7'!$K$2:$K$126,0.95),"N/A") -> 60.151123
A19: Snowden Tower L1 | B19: =COUNTA('Snowden Tower L1'!$B$2:$B$86) -> 85 | C19: =IF(COUNT('Snowden Tower L1'!$K$2:$K$86)=0,"N/A",AVERAGE('Snowden Tower L1'!$K$2:$K$86)) -> 1.5571242 | D19: =IFERROR(MEDIAN('Snowden Tower L1'!$K$2:$K$86),"N/A") -> 1.103 | E19: {=IF(COUNT('Snowden Tower L1'!$K$2:$K$86)=0,"N/A",SQRT(SUMPRODUCT(ISNUMBER('Snowden Tower L1'!$K$2:$K$86)*(IF(ISNUMBER('Snowden Tower L1'!$K$2:$K$86),'Snowden Tower L1'!$K$2:$K$86,0))^2)/COUNT('Snowden Tower L1'!$K$2:$K$86)))} -> 2.5008404 | F19: =IF(COUNT('Snowden Tower L1'!$R$2:$R$86)=0,"N/A",COUNTIF('Snowden Tower L1'!$R$2:$R$86,1)/COUNT('Snowden Tower L1'!$R$2:$R$86)) -> 0.88235294 | G19: =IF(COUNT('Snowden Tower L1'!$N$2:$N$86)=0,"N/A",AVERAGE('Snowden Tower L1'!$N$2:$N$86)) -> 0.043770696 | H19: =IF(COUNT('Snowden Tower L1'!$O$2:$O$86)=0,"N/A",AVERAGE('Snowden Tower L1'!$O$2:$O$86)) -> 0.87869499 | I19: =IF(COUNT('Snowden Tower L1'!$S$2:$S$86)=0,"N/A",AVERAGE('Snowden Tower L1'!$S$2:$S$86)) -> 1.6321501 | J19: =IF(COUNT('Snowden Tower L1'!$S$2:$S$86)=0,"N/A",COUNTIF('Snowden Tower L1'!$S$2:$S$86,">1")/COUNT('Snowden Tower L1'!$S$2:$S$86)) -> 0.34117647 | K19: =COUNTIF('Snowden Tower L1'!$K$2:$K$86,">15.0") -> 0 | L19: =IFERROR(_xlfn.PERCENTILE.INC('Snowden Tower L1'!$K$2:$K$86,0.95),"N/A") -> 4.4749771
A20: Snowden Tower L2 | B20: =COUNTA('Snowden Tower L2'!$B$2:$B$70) -> 69 | C20: =IF(COUNT('Snowden Tower L2'!$K$2:$K$70)=0,"N/A",AVERAGE('Snowden Tower L2'!$K$2:$K$70)) -> 2.5591817 | D20: =IFERROR(MEDIAN('Snowden Tower L2'!$K$2:$K$70),"N/A") -> 1.4319766 | E20: {=IF(COUNT('Snowden Tower L2'!$K$2:$K$70)=0,"N/A",SQRT(SUMPRODUCT(ISNUMBER('Snowden Tower L2'!$K$2:$K$70)*(IF(ISNUMBER('Snowden Tower L2'!$K$2:$K$70),'Snowden Tower L2'!$K$2:$K$70,0))^2)/COUNT('Snowden Tower L2'!$K$2:$K$70)))} -> 4.7450187 | F20: =IF(COUNT('Snowden Tower L2'!$R$2:$R$70)=0,"N/A",COUNTIF('Snowden Tower L2'!$R$2:$R$70,1)/COUNT('Snowden Tower L2'!$R$2:$R$70)) -> 0.78125 | G20: =IF(COUNT('Snowden Tower L2'!$N$2:$N$70)=0,"N/A",AVERAGE('Snowden Tower L2'!$N$2:$N$70)) -> 0.095837317 | H20: =IF(COUNT('Snowden Tower L2'!$O$2:$O$70)=0,"N/A",AVERAGE('Snowden Tower L2'!$O$2:$O$70)) -> 0.74493381 | I20: =IF(COUNT('Snowden Tower L2'!$S$2:$S$70)=0,"N/A",AVERAGE('Snowden Tower L2'!$S$2:$S$70)) -> 1.5164052 | J20: =IF(COUNT('Snowden Tower L2'!$S$2:$S$70)=0,"N/A",COUNTIF('Snowden Tower L2'!$S$2:$S$70,">1")/COUNT('Snowden Tower L2'!$S$2:$S$70)) -> 0.34375 | K20: =COUNTIF('Snowden Tower L2'!$K$2:$K$70,">15.0") -> 2 | L20: =IFERROR(_xlfn.PERCENTILE.INC('Snowden Tower L2'!$K$2:$K$70,0.95),"N/A") -> 9.6701165

Sheet Analysis Summary
B2: AUTOMATED LABEL PLACEMENT — RESULTS ANALYSIS
B5: 1 · PER-FLOORPLAN PERFORMANCE
B6: Floorplan | C6: Tags | D6: Mean DfO | E6: Median DfO | F6: RMSE DfO | G6: Win Rate | H6: Cosine | I6: Solver-vs-Human | J6: % Further | K6: Gross Fail | L6: 95th Pct Dist_From_Optimal
B7: Basic L1 | C7: ='Combined Summary'!B14 -> 19 | D7: ='Combined Summary'!C14 -> 2.1132811 | E7: ='Combined Summary'!D14 -> 1.1814 | F7: ='Combined Summary'!E14 -> 3.1628276 | G7: ='Combined Summary'!F14 -> 0.73684211 | H7: ='Combined Summary'!H14 -> 0.62266302 | I7: ='Combined Summary'!I14 -> 0.85778937 | J7: ='Combined Summary'!J14 -> 0.15789474 | K7: ='Combined Summary'!K14 -> 0 | L7: 5.886
B8: Basic L2 | C8: ='Combined Summary'!B15 -> 26 | D8: ='Combined Summary'!C15 -> 2.0503314 | E8: ='Combined Summary'!D15 -> 1.8516597 | F8: ='Combined Summary'!E15 -> 2.808193 | G8: ='Combined Summary'!F15 -> 0.61111111 | H8: ='Combined Summary'!H15 -> 0.53357784 | I8: ='Combined Summary'!I15 -> 0.82356511 | J8: ='Combined Summary'!J15 -> 0.16666667 | K8: ='Combined Summary'!K15 -> 0 | L8: 3.317
B9: Advanced L1 | C9: ='Combined Summary'!B16 -> 77 | D9: ='Combined Summary'!C16 -> 3.3869185 | E9: ='Combined Summary'!D16 -> 1.3159043 | F9: ='Combined Summary'!E16 -> 6.0886005 | G9: ='Combined Summary'!F16 -> 0.57894737 | H9: ='Combined Summary'!H16 -> 0.58944562 | I9: ='Combined Summary'!I16 -> 1.9666594 | J9: ='Combined Summary'!J16 -> 0.8245614 | K9: ='Combined Summary'!K16 -> 4 | L9: 13.378
B10: Snowden Tower L1 | C10: ='Combined Summary'!B19 -> 85 | D10: ='Combined Summary'!C19 -> 1.5571242 | E10: ='Combined Summary'!D19 -> 1.103 | F10: ='Combined Summary'!E19 -> 2.5008404 | G10: ='Combined Summary'!F19 -> 0.88235294 | H10: ='Combined Summary'!H19 -> 0.87869499 | I10: ='Combined Summary'!I19 -> 1.6321501 | J10: ='Combined Summary'!J19 -> 0.34117647 | K10: ='Combined Summary'!K19 -> 0 | L10: 4.475
B11: Snowden Tower L2 | C11: ='Combined Summary'!B20 -> 69 | D11: ='Combined Summary'!C20 -> 2.5591817 | E11: ='Combined Summary'!D20 -> 1.4319766 | F11: ='Combined Summary'!E20 -> 4.7450187 | G11: ='Combined Summary'!F20 -> 0.78125 | H11: ='Combined Summary'!H20 -> 0.74493381 | I11: ='Combined Summary'!I20 -> 1.5164052 | J11: ='Combined Summary'!J20 -> 0.34375 | K11: ='Combined Summary'!K20 -> 2 | L11: 9.67
B12: Germany L1 | C12: ='Combined Summary'!B17 -> 36 | D12: ='Combined Summary'!C17 -> 2.043472 | E12: ='Combined Summary'!D17 -> 1.4401 | F12: ='Combined Summary'!E17 -> 2.6880276 | G12: ='Combined Summary'!F17 -> 0.77777778 | H12: ='Combined Summary'!H17 -> 0.78160236 | I12: ='Combined Summary'!I17 -> 1.9394386 | J12: ='Combined Summary'!J17 -> 0.83333333 | K12: ='Combined Summary'!K17 -> 0 | L12: 5.523 | Q12: 1 · PER-FLOORPLAN PERFORMANCE
B13: Japan L7 | C13: ='Combined Summary'!B18 -> 111 | D13: ='Combined Summary'!C18 -> 9.3406987 | E13: ='Combined Summary'!D18 -> 1.9413786 | F13: ='Combined Summary'!E18 -> 20.845739 | G13: ='Combined Summary'!F18 -> 0.38181818 | H13: ='Combined Summary'!H18 -> 0.21613928 | I13: ='Combined Summary'!I18 -> 9.195825 | J13: ='Combined Summary'!J18 -> 0.8 | K13: ='Combined Summary'!K18 -> 18 | L13: 56.484 | Q13: Floorplan | R13: Tags | S13: Median DfO | T13: RMSE DfO | U13: 95th Pct Dist_From_Optimal | V13: Win Rate | W13: Cosine | X13: % Further | Y13: Gross Fail
B14: Italic rows = Germany & Japan (alternative drafting conventions, evaluated separately). | Q14: Basic L1 | R14: 19 | S14: 1.1814 | T14: 3.1628276 | U14: 5.886 | V14: 0.73684211 | W14: 0.62266302 | X14: 0.15789474 | Y14: 0
Q15: Basic L2 | R15: 26 | S15: 1.8516597 | T15: 2.808193 | U15: 3.317 | V15: 0.61111111 | W15: 0.53357784 | X15: 0.16666667 | Y15: 0
B16: 2 · PER TAG-TYPE PERFORMANCE (core 5 floorplans — Germany & Japan excluded) | Q16: Advanced L1 | R16: 77 | S16: 1.3159043 | T16: 6.0886005 | U16: 13.378 | V16: 0.57894737 | W16: 0.58944562 | X16: 0.8245614 | Y16: 4
B17: Tag Type | C17: Tags | D17: Mean DfO | E17: Median DfO | F17: RMSE DfO | G17: Win Rate | H17: Cosine | I17: Solver-vs-Human | J17: % Further | K17: Gross Fail | L17: 95th Pct Dist_From_Optimal | Q17: Snowden Tower L1 | R17: 85 | S17: 1.103 | T17: 2.5008404 | U17: 4.475 | V17: 0.88235294 | W17: 0.87869499 | X17: 0.34117647 | Y17: 0
B18: Doors | C18: =COUNTIF('Basic L1'!$B$2:$B$20,"Doors")+COUNTIF('Basic L2'!$B$2:$B$27,"Doors")+COUNTIF('Advanced L1'!$B$2:$B$78,"Doors")+COUNTIF('Snowden Tower L1'!$B$2:$B$86,"Doors")+COUNTIF('Snowden Tower L2'!$B$2:$B$70,"Doors") -> 102 | D18: =IF((COUNTIFS('Basic L1'!$B$2:$B$20,"Doors",'Basic L1'!$K$2:$K$20,"<>")+COUNTIFS('Basic L2'!$B$2:$B$27,"Doors",'Basic L2'!$K$2:$K$27,"<>")+COUNTIFS('Advanced L1'!$B$2:$B$78,"Doors",'Advanced L1'!$K$2:$K$78,"<>")+COUNTIFS('Snowden Tower L1'!$B$2:$B$86,"Doors",'Snowden Tower L1'!$K$2:$K$86,"<>")+COUNTIFS('Snowden Tower L2'!$B$2:$B$70,"Doors",'Snowden Tower L2'!$K$2:$K$70,"<>"))=0,"N/A",(SUMIF('Basic L1'!$B$2:$B$20,"Doors",'Basic L1'!$K$2:$K$20)+SUMIF('Basic L2'!$B$2:$B$27,"Doors",'Basic L2'!$K$2:$K$27)+SUMIF('Advanced L1'!$B$2:$B$78,"Doors",'Advanced L1'!$K$2:$K$78)+SUMIF('Snowden Tower L1'!$B$2:$B$86,"Doors",'Snowden Tower L1'!$K$2:$K$86)+SUMIF('Snowden Tower L2'!$B$2:$B$70,"Doors",'Snowden Tower L2'!$K$2:$K$70))/(COUNTIFS('Basic L1'!$B$2:$B$20,"Doors",'Basic L1'!$K$2:$K$20,"<>")+COUNTIFS('Basic L2'!$B$2:$B$27,"Doors",'Basic L2'!$K$2:$K$27,"<>")+COUNTIFS('Advanced L1'!$B$2:$B$78,"Doors",'Advanced L1'!$K$2:$K$78,"<>")+COUNTIFS('Snowden Tower L1'!$B$2:$B$86,"Doors",'Snowden Tower L1'!$K$2:$K$86,"<>")+COUNTIFS('Snowden Tower L2'!$B$2:$B$70,"Doors",'Snowden Tower L2'!$K$2:$K$70,"<>"))) -> 1.1374646 | E18: {=IFERROR(MEDIAN(IF('Basic L1'!$B$2:$B$20="Doors",'Basic L1'!$K$2:$K$20),IF('Basic L2'!$B$2:$B$27="Doors",'Basic L2'!$K$2:$K$27),IF('Advanced L1'!$B$2:$B$78="Doors",'Advanced L1'!$K$2:$K$78),IF('Snowden Tower L1'!$B$2:$B$86="Doors",'Snowden Tower L1'!$K$2:$K$86),IF('Snowden Tower L2'!$B$2:$B$70="Doors",'Snowden Tower L2'!$K$2:$K$70)),"N/A")} -> 1.2633 | F18: =IF((COUNTIFS('Basic L1'!$B$2:$B$20,"Doors",'Basic L1'!$K$2:$K$20,"<>")+COUNTIFS('Basic L2'!$B$2:$B$27,"Doors",'Basic L2'!$K$2:$K$27,"<>")+COUNTIFS('Advanced L1'!$B$2:$B$78,"Doors",'Advanced L1'!$K$2:$K$78,"<>")+COUNTIFS('Snowden Tower L1'!$B$2:$B$86,"Doors",'Snowden Tower L1'!$K$2:$K$86,"<>")+COUNTIFS('Snowden Tower L2'!$B$2:$B$70,"Doors",'Snowden Tower L2'!$K$2:$K$70,"<>"))=0,"N/A",SQRT((SUMPRODUCT(('Basic L1'!$B$2:$B$20="Doors")*('Basic L1'!$K$2:$K$20)*('Basic L1'!$K$2:$K$20))+SUMPRODUCT(('Basic L2'!$B$2:$B$27="Doors")*('Basic L2'!$K$2:$K$27)*('Basic L2'!$K$2:$K$27))+SUMPRODUCT(('Advanced L1'!$B$2:$B$78="Doors")*('Advanced L1'!$K$2:$K$78)*('Advanced L1'!$K$2:$K$78))+SUMPRODUCT(('Snowden Tower L1'!$B$2:$B$86="Doors")*('Snowden Tower L1'!$K$2:$K$86)*('Snowden Tower L1'!$K$2:$K$86))+SUMPRODUCT(('Snowden Tower L2'!$B$2:$B$70="Doors")*('Snowden Tower L2'!$K$2:$K$70)*('Snowden Tower L2'!$K$2:$K$70)))/(COUNTIFS('Basic L1'!$B$2:$B$20,"Doors",'Basic L1'!$K$2:$K$20,"<>")+COUNTIFS('Basic L2'!$B$2:$B$27,"Doors",'Basic L2'!$K$2:$K$27,"<>")+COUNTIFS('Advanced L1'!$B$2:$B$78,"Doors",'Advanced L1'!$K$2:$K$78,"<>")+COUNTIFS('Snowden Tower L1'!$B$2:$B$86,"Doors",'Snowden Tower L1'!$K$2:$K$86,"<>")+COUNTIFS('Snowden Tower L2'!$B$2:$B$70,"Doors",'Snowden Tower L2'!$K$2:$K$70,"<>")))) -> 1.6677366 | G18: {=IF((SUMPRODUCT(('Basic L1'!$B$2:$B$20="Doors")*ISNUMBER('Basic L1'!$R$2:$R$20))+SUMPRODUCT(('Basic L2'!$B$2:$B$27="Doors")*ISNUMBER('Basic L2'!$R$2:$R$27))+SUMPRODUCT(('Advanced L1'!$B$2:$B$78="Doors")*ISNUMBER('Advanced L1'!$R$2:$R$78))+SUMPRODUCT(('Snowden Tower L1'!$B$2:$B$86="Doors")*ISNUMBER('Snowden Tower L1'!$R$2:$R$86))+SUMPRODUCT(('Snowden Tower L2'!$B$2:$B$70="Doors")*ISNUMBER('Snowden Tower L2'!$R$2:$R$70)))=0,"N/A",(SUMPRODUCT(('Basic L1'!$B$2:$B$20="Doors")*ISNUMBER('Basic L1'!$R$2:$R$20)*IF(ISNUMBER('Basic L1'!$R$2:$R$20),'Basic L1'!$R$2:$R$20,0))+SUMPRODUCT(('Basic L2'!$B$2:$B$27="Doors")*ISNUMBER('Basic L2'!$R$2:$R$27)*IF(ISNUMBER('Basic L2'!$R$2:$R$27),'Basic L2'!$R$2:$R$27,0))+SUMPRODUCT(('Advanced L1'!$B$2:$B$78="Doors")*ISNUMBER('Advanced L1'!$R$2:$R$78)*IF(ISNUMBER('Advanced L1'!$R$2:$R$78),'Advanced L1'!$R$2:$R$78,0))+SUMPRODUCT(('Snowden Tower L1'!$B$2:$B$86="Doors")*ISNUMBER('Snowden Tower L1'!$R$2:$R$86)*IF(ISNUMBER('Snowden Tower L1'!$R$2:$R$86),'Snowden Tower L1'!$R$2:$R$86,0))+SUMPRODUCT(('Snowden Tower L2'!$B$2:$B$70="Doors")*ISNUMBER('Snowden Tower L2'!$R$2:$R$70)*IF(ISNUMBER('Snowden Tower L2'!$R$2:$R$70),'Snowden Tower L2'!$R$2:$R$70,0)))/(SUMPRODUCT(('Basic L1'!$B$2:$B$20="Doors")*ISNUMBER('Basic L1'!$R$2:$R$20))+SUMPRODUCT(('Basic L2'!$B$2:$B$27="Doors")*ISNUMBER('Basic L2'!$R$2:$R$27))+SUMPRODUCT(('Advanced L1'!$B$2:$B$78="Doors")*ISNUMBER('Advanced L1'!$R$2:$R$78))+SUMPRODUCT(('Snowden Tower L1'!$B$2:$B$86="Doors")*ISNUMBER('Snowden Tower L1'!$R$2:$R$86))+SUMPRODUCT(('Snowden Tower L2'!$B$2:$B$70="Doors")*ISNUMBER('Snowden Tower L2'!$R$2:$R$70))))} -> 0.70103093 | H18: {=IF((SUMPRODUCT(('Basic L1'!$B$2:$B$20="Doors")*ISNUMBER('Basic L1'!$O$2:$O$20))+SUMPRODUCT(('Basic L2'!$B$2:$B$27="Doors")*ISNUMBER('Basic L2'!$O$2:$O$27))+SUMPRODUCT(('Advanced L1'!$B$2:$B$78="Doors")*ISNUMBER('Advanced L1'!$O$2:$O$78))+SUMPRODUCT(('Snowden Tower L1'!$B$2:$B$86="Doors")*ISNUMBER('Snowden Tower L1'!$O$2:$O$86))+SUMPRODUCT(('Snowden Tower L2'!$B$2:$B$70="Doors")*ISNUMBER('Snowden Tower L2'!$O$2:$O$70)))=0,"N/A",(SUMPRODUCT(('Basic L1'!$B$2:$B$20="Doors")*ISNUMBER('Basic L1'!$O$2:$O$20)*IF(ISNUMBER('Basic L1'!$O$2:$O$20),'Basic L1'!$O$2:$O$20,0))+SUMPRODUCT(('Basic L2'!$B$2:$B$27="Doors")*ISNUMBER('Basic L2'!$O$2:$O$27)*IF(ISNUMBER('Basic L2'!$O$2:$O$27),'Basic L2'!$O$2:$O$27,0))+SUMPRODUCT(('Advanced L1'!$B$2:$B$78="Doors")*ISNUMBER('Advanced L1'!$O$2:$O$78)*IF(ISNUMBER('Advanced L1'!$O$2:$O$78),'Advanced L1'!$O$2:$O$78,0))+SUMPRODUCT(('Snowden Tower L1'!$B$2:$B$86="Doors")*ISNUMBER('Snowden Tower L1'!$O$2:$O$86)*IF(ISNUMBER('Snowden Tower L1'!$O$2:$O$86),'Snowden Tower L1'!$O$2:$O$86,0))+SUMPRODUCT(('Snowden Tower L2'!$B$2:$B$70="Doors")*ISNUMBER('Snowden Tower L2'!$O$2:$O$70)*IF(ISNUMBER('Snowden Tower L2'!$O$2:$O$70),'Snowden Tower L2'!$O$2:$O$70,0)))/(SUMPRODUCT(('Basic L1'!$B$2:$B$20="Doors")*ISNUMBER('Basic L1'!$O$2:$O$20))+SUMPRODUCT(('Basic L2'!$B$2:$B$27="Doors")*ISNUMBER('Basic L2'!$O$2:$O$27))+SUMPRODUCT(('Advanced L1'!$B$2:$B$78="Doors")*ISNUMBER('Advanced L1'!$O$2:$O$78))+SUMPRODUCT(('Snowden Tower L1'!$B$2:$B$86="Doors")*ISNUMBER('Snowden Tower L1'!$O$2:$O$86))+SUMPRODUCT(('Snowden Tower L2'!$B$2:$B$70="Doors")*ISNUMBER('Snowden Tower L2'!$O$2:$O$70))))} -> 0.70117862 | I18: =IF((COUNTIFS('Basic L1'!$B$2:$B$20,"Doors",'Basic L1'!$S$2:$S$20,"<>")+COUNTIFS('Basic L2'!$B$2:$B$27,"Doors",'Basic L2'!$S$2:$S$27,"<>")+COUNTIFS('Advanced L1'!$B$2:$B$78,"Doors",'Advanced L1'!$S$2:$S$78,"<>")+COUNTIFS('Snowden Tower L1'!$B$2:$B$86,"Doors",'Snowden Tower L1'!$S$2:$S$86,"<>")+COUNTIFS('Snowden Tower L2'!$B$2:$B$70,"Doors",'Snowden Tower L2'!$S$2:$S$70,"<>"))=0,"N/A",(SUMIF('Basic L1'!$B$2:$B$20,"Doors",'Basic L1'!$S$2:$S$20)+SUMIF('Basic L2'!$B$2:$B$27,"Doors",'Basic L2'!$S$2:$S$27)+SUMIF('Advanced L1'!$B$2:$B$78,"Doors",'Advanced L1'!$S$2:$S$78)+SUMIF('Snowden Tower L1'!$B$2:$B$86,"Doors",'Snowden Tower L1'!$S$2:$S$86)+SUMIF('Snowden Tower L2'!$B$2:$B$70,"Doors",'Snowden Tower L2'!$S$2:$S$70))/(COUNTIFS('Basic L1'!$B$2:$B$20,"Doors",'Basic L1'!$S$2:$S$20,"<>")+COUNTIFS('Basic L2'!$B$2:$B$27,"Doors",'Basic L2'!$S$2:$S$27,"<>")+COUNTIFS('Advanced L1'!$B$2:$B$78,"Doors",'Advanced L1'!$S$2:$S$78,"<>")+COUNTIFS('Snowden Tower L1'!$B$2:$B$86,"Doors",'Snowden Tower L1'!$S$2:$S$86,"<>")+COUNTIFS('Snowden Tower L2'!$B$2:$B$70,"Doors",'Snowden Tower L2'!$S$2:$S$70,"<>"))) -> 1.9601105 | J18: =IF((COUNTIFS('Basic L1'!$B$2:$B$20,"Doors",'Basic L1'!$S$2:$S$20,"<>")+COUNTIFS('Basic L2'!$B$2:$B$27,"Doors",'Basic L2'!$S$2:$S$27,"<>")+COUNTIFS('Advanced L1'!$B$2:$B$78,"Doors",'Advanced L1'!$S$2:$S$78,"<>")+COUNTIFS('Snowden Tower L1'!$B$2:$B$86,"Doors",'Snowden Tower L1'!$S$2:$S$86,"<>")+COUNTIFS('Snowden Tower L2'!$B$2:$B$70,"Doors",'Snowden Tower L2'!$S$2:$S$70,"<>"))=0,"N/A",(COUNTIFS('Basic L1'!$B$2:$B$20,"Doors",'Basic L1'!$S$2:$S$20,">1")+COUNTIFS('Basic L2'!$B$2:$B$27,"Doors",'Basic L2'!$S$2:$S$27,">1")+COUNTIFS('Advanced L1'!$B$2:$B$78,"Doors",'Advanced L1'!$S$2:$S$78,">1")+COUNTIFS('Snowden Tower L1'!$B$2:$B$86,"Doors",'Snowden Tower L1'!$S$2:$S$86,">1")+COUNTIFS('Snowden Tower L2'!$B$2:$B$70,"Doors",'Snowden Tower L2'!$S$2:$S$70,">1"))/(COUNTIFS('Basic L1'!$B$2:$B$20,"Doors",'Basic L1'!$S$2:$S$20,"<>")+COUNTIFS('Basic L2'!$B$2:$B$27,"Doors",'Basic L2'!$S$2:$S$27,"<>")+COUNTIFS('Advanced L1'!$B$2:$B$78,"Doors",'Advanced L1'!$S$2:$S$78,"<>")+COUNTIFS('Snowden Tower L1'!$B$2:$B$86,"Doors",'Snowden Tower L1'!$S$2:$S$86,"<>")+COUNTIFS('Snowden Tower L2'!$B$2:$B$70,"Doors",'Snowden Tower L2'!$S$2:$S$70,"<>"))) -> 0.44117647 | K18: =COUNTIFS('Basic L1'!$B$2:$B$20,"Doors",'Basic L1'!$K$2:$K$20,">15")+COUNTIFS('Basic L2'!$B$2:$B$27,"Doors",'Basic L2'!$K$2:$K$27,">15")+COUNTIFS('Advanced L1'!$B$2:$B$78,"Doors",'Advanced L1'!$K$2:$K$78,">15")+COUNTIFS('Snowden Tower L1'!$B$2:$B$86,"Doors",'Snowden Tower L1'!$K$2:$K$86,">15")+COUNTIFS('Snowden Tower L2'!$B$2:$B$70,"Doors",'Snowden Tower L2'!$K$2:$K$70,">15") -> 0 | L18: 4.124 | Q18: Snowden Tower L2 | R18: 69 | S18: 1.4319766 | T18: 4.7450187 | U18: 9.67 | V18: 0.78125 | W18: 0.74493381 | X18: 0.34375 | Y18: 2
B19: Windows | C19: =COUNTIF('Basic L1'!$B$2:$B$20,"Windows")+COUNTIF('Basic L2'!$B$2:$B$27,"Windows")+COUNTIF('Advanced L1'!$B$2:$B$78,"Windows")+COUNTIF('Snowden Tower L1'!$B$2:$B$86,"Windows")+COUNTIF('Snowden Tower L2'!$B$2:$B$70,"Windows") -> 38 | D19: =IF((COUNTIFS('Basic L1'!$B$2:$B$20,"Windows",'Basic L1'!$K$2:$K$20,"<>")+COUNTIFS('Basic L2'!$B$2:$B$27,"Windows",'Basic L2'!$K$2:$K$27,"<>")+COUNTIFS('Advanced L1'!$B$2:$B$78,"Windows",'Advanced L1'!$K$2:$K$78,"<>")+COUNTIFS('Snowden Tower L1'!$B$2:$B$86,"Windows",'Snowden Tower L1'!$K$2:$K$86,"<>")+COUNTIFS('Snowden Tower L2'!$B$2:$B$70,"Windows",'Snowden Tower L2'!$K$2:$K$70,"<>"))=0,"N/A",(SUMIF('Basic L1'!$B$2:$B$20,"Windows",'Basic L1'!$K$2:$K$20)+SUMIF('Basic L2'!$B$2:$B$27,"Windows",'Basic L2'!$K$2:$K$27)+SUMIF('Advanced L1'!$B$2:$B$78,"Windows",'Advanced L1'!$K$2:$K$78)+SUMIF('Snowden Tower L1'!$B$2:$B$86,"Windows",'Snowden Tower L1'!$K$2:$K$86)+SUMIF('Snowden Tower L2'!$B$2:$B$70,"Windows",'Snowden Tower L2'!$K$2:$K$70))/(COUNTIFS('Basic L1'!$B$2:$B$20,"Windows",'Basic L1'!$K$2:$K$20,"<>")+COUNTIFS('Basic L2'!$B$2:$B$27,"Windows",'Basic L2'!$K$2:$K$27,"<>")+COUNTIFS('Advanced L1'!$B$2:$B$78,"Windows",'Advanced L1'!$K$2:$K$78,"<>")+COUNTIFS('Snowden Tower L1'!$B$2:$B$86,"Windows",'Snowden Tower L1'!$K$2:$K$86,"<>")+COUNTIFS('Snowden Tower L2'!$B$2:$B$70,"Windows",'Snowden Tower L2'!$K$2:$K$70,"<>"))) -> 0.52961729 | E19: {=IFERROR(MEDIAN(IF('Basic L1'!$B$2:$B$20="Windows",'Basic L1'!$K$2:$K$20),IF('Basic L2'!$B$2:$B$27="Windows",'Basic L2'!$K$2:$K$27),IF('Advanced L1'!$B$2:$B$78="Windows",'Advanced L1'!$K$2:$K$78),IF('Snowden Tower L1'!$B$2:$B$86="Windows",'Snowden Tower L1'!$K$2:$K$86),IF('Snowden Tower L2'!$B$2:$B$70="Windows",'Snowden Tower L2'!$K$2:$K$70)),"N/A")} -> 0.2954 | F19: =IF((COUNTIFS('Basic L1'!$B$2:$B$20,"Windows",'Basic L1'!$K$2:$K$20,"<>")+COUNTIFS('Basic L2'!$B$2:$B$27,"Windows",'Basic L2'!$K$2:$K$27,"<>")+COUNTIFS('Advanced L1'!$B$2:$B$78,"Windows",'Advanced L1'!$K$2:$K$78,"<>")+COUNTIFS('Snowden Tower L1'!$B$2:$B$86,"Windows",'Snowden Tower L1'!$K$2:$K$86,"<>")+COUNTIFS('Snowden Tower L2'!$B$2:$B$70,"Windows",'Snowden Tower L2'!$K$2:$K$70,"<>"))=0,"N/A",SQRT((SUMPRODUCT(('Basic L1'!$B$2:$B$20="Windows")*('Basic L1'!$K$2:$K$20)*('Basic L1'!$K$2:$K$20))+SUMPRODUCT(('Basic L2'!$B$2:$B$27="Windows")*('Basic L2'!$K$2:$K$27)*('Basic L2'!$K$2:$K$27))+SUMPRODUCT(('Advanced L1'!$B$2:$B$78="Windows")*('Advanced L1'!$K$2:$K$78)*('Advanced L1'!$K$2:$K$78))+SUMPRODUCT(('Snowden Tower L1'!$B$2:$B$86="Windows")*('Snowden Tower L1'!$K$2:$K$86)*('Snowden Tower L1'!$K$2:$K$86))+SUMPRODUCT(('Snowden Tower L2'!$B$2:$B$70="Windows")*('Snowden Tower L2'!$K$2:$K$70)*('Snowden Tower L2'!$K$2:$K$70)))/(COUNTIFS('Basic L1'!$B$2:$B$20,"Windows",'Basic L1'!$K$2:$K$20,"<>")+COUNTIFS('Basic L2'!$B$2:$B$27,"Windows",'Basic L2'!$K$2:$K$27,"<>")+COUNTIFS('Advanced L1'!$B$2:$B$78,"Windows",'Advanced L1'!$K$2:$K$78,"<>")+COUNTIFS('Snowden Tower L1'!$B$2:$B$86,"Windows",'Snowden Tower L1'!$K$2:$K$86,"<>")+COUNTIFS('Snowden Tower L2'!$B$2:$B$70,"Windows",'Snowden Tower L2'!$K$2:$K$70,"<>")))) -> 0.88467479 | G19: {=IF((SUMPRODUCT(('Basic L1'!$B$2:$B$20="Windows")*ISNUMBER('Basic L1'!$R$2:$R$20))+SUMPRODUCT(('Basic L2'!$B$2:$B$27="Windows")*ISNUMBER('Basic L2'!$R$2:$R$27))+SUMPRODUCT(('Advanced L1'!$B$2:$B$78="Windows")*ISNUMBER('Advanced L1'!$R$2:$R$78))+SUMPRODUCT(('Snowden Tower L1'!$B$2:$B$86="Windows")*ISNUMBER('Snowden Tower L1'!$R$2:$R$86))+SUMPRODUCT(('Snowden Tower L2'!$B$2:$B$70="Windows")*ISNUMBER('Snowden Tower L2'!$R$2:$R$70)))=0,"N/A",(SUMPRODUCT(('Basic L1'!$B$2:$B$20="Windows")*ISNUMBER('Basic L1'!$R$2:$R$20)*IF(ISNUMBER('Basic L1'!$R$2:$R$20),'Basic L1'!$R$2:$R$20,0))+SUMPRODUCT(('Basic L2'!$B$2:$B$27="Windows")*ISNUMBER('Basic L2'!$R$2:$R$27)*IF(ISNUMBER('Basic L2'!$R$2:$R$27),'Basic L2'!$R$2:$R$27,0))+SUMPRODUCT(('Advanced L1'!$B$2:$B$78="Windows")*ISNUMBER('Advanced L1'!$R$2:$R$78)*IF(ISNUMBER('Advanced L1'!$R$2:$R$78),'Advanced L1'!$R$2:$R$78,0))+SUMPRODUCT(('Snowden Tower L1'!$B$2:$B$86="Windows")*ISNUMBER('Snowden Tower L1'!$R$2:$R$86)*IF(ISNUMBER('Snowden Tower L1'!$R$2:$R$86),'Snowden Tower L1'!$R$2:$R$86,0))+SUMPRODUCT(('Snowden Tower L2'!$B$2:$B$70="Windows")*ISNUMBER('Snowden Tower L2'!$R$2:$R$70)*IF(ISNUMBER('Snowden Tower L2'!$R$2:$R$70),'Snowden Tower L2'!$R$2:$R$70,0)))/(SUMPRODUCT(('Basic L1'!$B$2:$B$20="Windows")*ISNUMBER('Basic L1'!$R$2:$R$20))+SUMPRODUCT(('Basic L2'!$B$2:$B$27="Windows")*ISNUMBER('Basic L2'!$R$2:$R$27))+SUMPRODUCT(('Advanced L1'!$B$2:$B$78="Windows")*ISNUMBER('Advanced L1'!$R$2:$R$78))+SUMPRODUCT(('Snowden Tower L1'!$B$2:$B$86="Windows")*ISNUMBER('Snowden Tower L1'!$R$2:$R$86))+SUMPRODUCT(('Snowden Tower L2'!$B$2:$B$70="Windows")*ISNUMBER('Snowden Tower L2'!$R$2:$R$70))))} -> 0.97368421 | H19: {=IF((SUMPRODUCT(('Basic L1'!$B$2:$B$20="Windows")*ISNUMBER('Basic L1'!$O$2:$O$20))+SUMPRODUCT(('Basic L2'!$B$2:$B$27="Windows")*ISNUMBER('Basic L2'!$O$2:$O$27))+SUMPRODUCT(('Advanced L1'!$B$2:$B$78="Windows")*ISNUMBER('Advanced L1'!$O$2:$O$78))+SUMPRODUCT(('Snowden Tower L1'!$B$2:$B$86="Windows")*ISNUMBER('Snowden Tower L1'!$O$2:$O$86))+SUMPRODUCT(('Snowden Tower L2'!$B$2:$B$70="Windows")*ISNUMBER('Snowden Tower L2'!$O$2:$O$70)))=0,"N/A",(SUMPRODUCT(('Basic L1'!$B$2:$B$20="Windows")*ISNUMBER('Basic L1'!$O$2:$O$20)*IF(ISNUMBER('Basic L1'!$O$2:$O$20),'Basic L1'!$O$2:$O$20,0))+SUMPRODUCT(('Basic L2'!$B$2:$B$27="Windows")*ISNUMBER('Basic L2'!$O$2:$O$27)*IF(ISNUMBER('Basic L2'!$O$2:$O$27),'Basic L2'!$O$2:$O$27,0))+SUMPRODUCT(('Advanced L1'!$B$2:$B$78="Windows")*ISNUMBER('Advanced L1'!$O$2:$O$78)*IF(ISNUMBER('Advanced L1'!$O$2:$O$78),'Advanced L1'!$O$2:$O$78,0))+SUMPRODUCT(('Snowden Tower L1'!$B$2:$B$86="Windows")*ISNUMBER('Snowden Tower L1'!$O$2:$O$86)*IF(ISNUMBER('Snowden Tower L1'!$O$2:$O$86),'Snowden Tower L1'!$O$2:$O$86,0))+SUMPRODUCT(('Snowden Tower L2'!$B$2:$B$70="Windows")*ISNUMBER('Snowden Tower L2'!$O$2:$O$70)*IF(ISNUMBER('Snowden Tower L2'!$O$2:$O$70),'Snowden Tower L2'!$O$2:$O$70,0)))/(SUMPRODUCT(('Basic L1'!$B$2:$B$20="Windows")*ISNUMBER('Basic L1'!$O$2:$O$20))+SUMPRODUCT(('Basic L2'!$B$2:$B$27="Windows")*ISNUMBER('Basic L2'!$O$2:$O$27))+SUMPRODUCT(('Advanced L1'!$B$2:$B$78="Windows")*ISNUMBER('Advanced L1'!$O$2:$O$78))+SUMPRODUCT(('Snowden Tower L1'!$B$2:$B$86="Windows")*ISNUMBER('Snowden Tower L1'!$O$2:$O$86))+SUMPRODUCT(('Snowden Tower L2'!$B$2:$B$70="Windows")*ISNUMBER('Snowden Tower L2'!$O$2:$O$70))))} -> 0.99918429 | I19: =IF((COUNTIFS('Basic L1'!$B$2:$B$20,"Windows",'Basic L1'!$S$2:$S$20,"<>")+COUNTIFS('Basic L2'!$B$2:$B$27,"Windows",'Basic L2'!$S$2:$S$27,"<>")+COUNTIFS('Advanced L1'!$B$2:$B$78,"Windows",'Advanced L1'!$S$2:$S$78,"<>")+COUNTIFS('Snowden Tower L1'!$B$2:$B$86,"Windows",'Snowden Tower L1'!$S$2:$S$86,"<>")+COUNTIFS('Snowden Tower L2'!$B$2:$B$70,"Windows",'Snowden Tower L2'!$S$2:$S$70,"<>"))=0,"N/A",(SUMIF('Basic L1'!$B$2:$B$20,"Windows",'Basic L1'!$S$2:$S$20)+SUMIF('Basic L2'!$B$2:$B$27,"Windows",'Basic L2'!$S$2:$S$27)+SUMIF('Advanced L1'!$B$2:$B$78,"Windows",'Advanced L1'!$S$2:$S$78)+SUMIF('Snowden Tower L1'!$B$2:$B$86,"Windows",'Snowden Tower L1'!$S$2:$S$86)+SUMIF('Snowden Tower L2'!$B$2:$B$70,"Windows",'Snowden Tower L2'!$S$2:$S$70))/(COUNTIFS('Basic L1'!$B$2:$B$20,"Windows",'Basic L1'!$S$2:$S$20,"<>")+COUNTIFS('Basic L2'!$B$2:$B$27,"Windows",'Basic L2'!$S$2:$S$27,"<>")+COUNTIFS('Advanced L1'!$B$2:$B$78,"Windows",'Advanced L1'!$S$2:$S$78,"<>")+COUNTIFS('Snowden Tower L1'!$B$2:$B$86,"Windows",'Snowden Tower L1'!$S$2:$S$86,"<>")+COUNTIFS('Snowden Tower L2'!$B$2:$B$70,"Windows",'Snowden Tower L2'!$S$2:$S$70,"<>"))) -> 0.87415666 | J19: =IF((COUNTIFS('Basic L1'!$B$2:$B$20,"Windows",'Basic L1'!$S$2:$S$20,"<>")+COUNTIFS('Basic L2'!$B$2:$B$27,"Windows",'Basic L2'!$S$2:$S$27,"<>")+COUNTIFS('Advanced L1'!$B$2:$B$78,"Windows",'Advanced L1'!$S$2:$S$78,"<>")+COUNTIFS('Snowden Tower L1'!$B$2:$B$86,"Windows",'Snowden Tower L1'!$S$2:$S$86,"<>")+COUNTIFS('Snowden Tower L2'!$B$2:$B$70,"Windows",'Snowden Tower L2'!$S$2:$S$70,"<>"))=0,"N/A",(COUNTIFS('Basic L1'!$B$2:$B$20,"Windows",'Basic L1'!$S$2:$S$20,">1")+COUNTIFS('Basic L2'!$B$2:$B$27,"Windows",'Basic L2'!$S$2:$S$27,">1")+COUNTIFS('Advanced L1'!$B$2:$B$78,"Windows",'Advanced L1'!$S$2:$S$78,">1")+COUNTIFS('Snowden Tower L1'!$B$2:$B$86,"Windows",'Snowden Tower L1'!$S$2:$S$86,">1")+COUNTIFS('Snowden Tower L2'!$B$2:$B$70,"Windows",'Snowden Tower L2'!$S$2:$S$70,">1"))/(COUNTIFS('Basic L1'!$B$2:$B$20,"Windows",'Basic L1'!$S$2:$S$20,"<>")+COUNTIFS('Basic L2'!$B$2:$B$27,"Windows",'Basic L2'!$S$2:$S$27,"<>")+COUNTIFS('Advanced L1'!$B$2:$B$78,"Windows",'Advanced L1'!$S$2:$S$78,"<>")+COUNTIFS('Snowden Tower L1'!$B$2:$B$86,"Windows",'Snowden Tower L1'!$S$2:$S$86,"<>")+COUNTIFS('Snowden Tower L2'!$B$2:$B$70,"Windows",'Snowden Tower L2'!$S$2:$S$70,"<>"))) -> 0.18421053 | K19: =COUNTIFS('Basic L1'!$B$2:$B$20,"Windows",'Basic L1'!$K$2:$K$20,">15")+COUNTIFS('Basic L2'!$B$2:$B$27,"Windows",'Basic L2'!$K$2:$K$27,">15")+COUNTIFS('Advanced L1'!$B$2:$B$78,"Windows",'Advanced L1'!$K$2:$K$78,">15")+COUNTIFS('Snowden Tower L1'!$B$2:$B$86,"Windows",'Snowden Tower L1'!$K$2:$K$86,">15")+COUNTIFS('Snowden Tower L2'!$B$2:$B$70,"Windows",'Snowden Tower L2'!$K$2:$K$70,">15") -> 0 | L19: 1.99 | Q19: Germany L1 | R19: 36 | S19: 1.4401 | T19: 2.6880276 | U19: 5.523 | V19: 0.77777778 | W19: 0.78160236 | X19: 0.83333333 | Y19: 0
B20: Walls | C20: =COUNTIF('Basic L1'!$B$2:$B$20,"Walls")+COUNTIF('Basic L2'!$B$2:$B$27,"Walls")+COUNTIF('Advanced L1'!$B$2:$B$78,"Walls")+COUNTIF('Snowden Tower L1'!$B$2:$B$86,"Walls")+COUNTIF('Snowden Tower L2'!$B$2:$B$70,"Walls") -> 66 | D20: =IF((COUNTIFS('Basic L1'!$B$2:$B$20,"Walls",'Basic L1'!$K$2:$K$20,"<>")+COUNTIFS('Basic L2'!$B$2:$B$27,"Walls",'Basic L2'!$K$2:$K$27,"<>")+COUNTIFS('Advanced L1'!$B$2:$B$78,"Walls",'Advanced L1'!$K$2:$K$78,"<>")+COUNTIFS('Snowden Tower L1'!$B$2:$B$86,"Walls",'Snowden Tower L1'!$K$2:$K$86,"<>")+COUNTIFS('Snowden Tower L2'!$B$2:$B$70,"Walls",'Snowden Tower L2'!$K$2:$K$70,"<>"))=0,"N/A",(SUMIF('Basic L1'!$B$2:$B$20,"Walls",'Basic L1'!$K$2:$K$20)+SUMIF('Basic L2'!$B$2:$B$27,"Walls",'Basic L2'!$K$2:$K$27)+SUMIF('Advanced L1'!$B$2:$B$78,"Walls",'Advanced L1'!$K$2:$K$78)+SUMIF('Snowden Tower L1'!$B$2:$B$86,"Walls",'Snowden Tower L1'!$K$2:$K$86)+SUMIF('Snowden Tower L2'!$B$2:$B$70,"Walls",'Snowden Tower L2'!$K$2:$K$70))/(COUNTIFS('Basic L1'!$B$2:$B$20,"Walls",'Basic L1'!$K$2:$K$20,"<>")+COUNTIFS('Basic L2'!$B$2:$B$27,"Walls",'Basic L2'!$K$2:$K$27,"<>")+COUNTIFS('Advanced L1'!$B$2:$B$78,"Walls",'Advanced L1'!$K$2:$K$78,"<>")+COUNTIFS('Snowden Tower L1'!$B$2:$B$86,"Walls",'Snowden Tower L1'!$K$2:$K$86,"<>")+COUNTIFS('Snowden Tower L2'!$B$2:$B$70,"Walls",'Snowden Tower L2'!$K$2:$K$70,"<>"))) -> 3.1957279 | E20: {=IFERROR(MEDIAN(IF('Basic L1'!$B$2:$B$20="Walls",'Basic L1'!$K$2:$K$20),IF('Basic L2'!$B$2:$B$27="Walls",'Basic L2'!$K$2:$K$27),IF('Advanced L1'!$B$2:$B$78="Walls",'Advanced L1'!$K$2:$K$78),IF('Snowden Tower L1'!$B$2:$B$86="Walls",'Snowden Tower L1'!$K$2:$K$86),IF('Snowden Tower L2'!$B$2:$B$70="Walls",'Snowden Tower L2'!$K$2:$K$70)),"N/A")} -> 2.3748173 | F20: =IF((COUNTIFS('Basic L1'!$B$2:$B$20,"Walls",'Basic L1'!$K$2:$K$20,"<>")+COUNTIFS('Basic L2'!$B$2:$B$27,"Walls",'Basic L2'!$K$2:$K$27,"<>")+COUNTIFS('Advanced L1'!$B$2:$B$78,"Walls",'Advanced L1'!$K$2:$K$78,"<>")+COUNTIFS('Snowden Tower L1'!$B$2:$B$86,"Walls",'Snowden Tower L1'!$K$2:$K$86,"<>")+COUNTIFS('Snowden Tower L2'!$B$2:$B$70,"Walls",'Snowden Tower L2'!$K$2:$K$70,"<>"))=0,"N/A",SQRT((SUMPRODUCT(('Basic L1'!$B$2:$B$20="Walls")*('Basic L1'!$K$2:$K$20)*('Basic L1'!$K$2:$K$20))+SUMPRODUCT(('Basic L2'!$B$2:$B$27="Walls")*('Basic L2'!$K$2:$K$27)*('Basic L2'!$K$2:$K$27))+SUMPRODUCT(('Advanced L1'!$B$2:$B$78="Walls")*('Advanced L1'!$K$2:$K$78)*('Advanced L1'!$K$2:$K$78))+SUMPRODUCT(('Snowden Tower L1'!$B$2:$B$86="Walls")*('Snowden Tower L1'!$K$2:$K$86)*('Snowden Tower L1'!$K$2:$K$86))+SUMPRODUCT(('Snowden Tower L2'!$B$2:$B$70="Walls")*('Snowden Tower L2'!$K$2:$K$70)*('Snowden Tower L2'!$K$2:$K$70)))/(COUNTIFS('Basic L1'!$B$2:$B$20,"Walls",'Basic L1'!$K$2:$K$20,"<>")+COUNTIFS('Basic L2'!$B$2:$B$27,"Walls",'Basic L2'!$K$2:$K$27,"<>")+COUNTIFS('Advanced L1'!$B$2:$B$78,"Walls",'Advanced L1'!$K$2:$K$78,"<>")+COUNTIFS('Snowden Tower L1'!$B$2:$B$86,"Walls",'Snowden Tower L1'!$K$2:$K$86,"<>")+COUNTIFS('Snowden Tower L2'!$B$2:$B$70,"Walls",'Snowden Tower L2'!$K$2:$K$70,"<>")))) -> 4.1352977 | G20: {=IF((SUMPRODUCT(('Basic L1'!$B$2:$B$20="Walls")*ISNUMBER('Basic L1'!$R$2:$R$20))+SUMPRODUCT(('Basic L2'!$B$2:$B$27="Walls")*ISNUMBER('Basic L2'!$R$2:$R$27))+SUMPRODUCT(('Advanced L1'!$B$2:$B$78="Walls")*ISNUMBER('Advanced L1'!$R$2:$R$78))+SUMPRODUCT(('Snowden Tower L1'!$B$2:$B$86="Walls")*ISNUMBER('Snowden Tower L1'!$R$2:$R$86))+SUMPRODUCT(('Snowden Tower L2'!$B$2:$B$70="Walls")*ISNUMBER('Snowden Tower L2'!$R$2:$R$70)))=0,"N/A",(SUMPRODUCT(('Basic L1'!$B$2:$B$20="Walls")*ISNUMBER('Basic L1'!$R$2:$R$20)*IF(ISNUMBER('Basic L1'!$R$2:$R$20),'Basic L1'!$R$2:$R$20,0))+SUMPRODUCT(('Basic L2'!$B$2:$B$27="Walls")*ISNUMBER('Basic L2'!$R$2:$R$27)*IF(ISNUMBER('Basic L2'!$R$2:$R$27),'Basic L2'!$R$2:$R$27,0))+SUMPRODUCT(('Advanced L1'!$B$2:$B$78="Walls")*ISNUMBER('Advanced L1'!$R$2:$R$78)*IF(ISNUMBER('Advanced L1'!$R$2:$R$78),'Advanced L1'!$R$2:$R$78,0))+SUMPRODUCT(('Snowden Tower L1'!$B$2:$B$86="Walls")*ISNUMBER('Snowden Tower L1'!$R$2:$R$86)*IF(ISNUMBER('Snowden Tower L1'!$R$2:$R$86),'Snowden Tower L1'!$R$2:$R$86,0))+SUMPRODUCT(('Snowden Tower L2'!$B$2:$B$70="Walls")*ISNUMBER('Snowden Tower L2'!$R$2:$R$70)*IF(ISNUMBER('Snowden Tower L2'!$R$2:$R$70),'Snowden Tower L2'!$R$2:$R$70,0)))/(SUMPRODUCT(('Basic L1'!$B$2:$B$20="Walls")*ISNUMBER('Basic L1'!$R$2:$R$20))+SUMPRODUCT(('Basic L2'!$B$2:$B$27="Walls")*ISNUMBER('Basic L2'!$R$2:$R$27))+SUMPRODUCT(('Advanced L1'!$B$2:$B$78="Walls")*ISNUMBER('Advanced L1'!$R$2:$R$78))+SUMPRODUCT(('Snowden Tower L1'!$B$2:$B$86="Walls")*ISNUMBER('Snowden Tower L1'!$R$2:$R$86))+SUMPRODUCT(('Snowden Tower L2'!$B$2:$B$70="Walls")*ISNUMBER('Snowden Tower L2'!$R$2:$R$70))))} -> 0.75757576 | H20: {=IF((SUMPRODUCT(('Basic L1'!$B$2:$B$20="Walls")*ISNUMBER('Basic L1'!$O$2:$O$20))+SUMPRODUCT(('Basic L2'!$B$2:$B$27="Walls")*ISNUMBER('Basic L2'!$O$2:$O$27))+SUMPRODUCT(('Advanced L1'!$B$2:$B$78="Walls")*ISNUMBER('Advanced L1'!$O$2:$O$78))+SUMPRODUCT(('Snowden Tower L1'!$B$2:$B$86="Walls")*ISNUMBER('Snowden Tower L1'!$O$2:$O$86))+SUMPRODUCT(('Snowden Tower L2'!$B$2:$B$70="Walls")*ISNUMBER('Snowden Tower L2'!$O$2:$O$70)))=0,"N/A",(SUMPRODUCT(('Basic L1'!$B$2:$B$20="Walls")*ISNUMBER('Basic L1'!$O$2:$O$20)*IF(ISNUMBER('Basic L1'!$O$2:$O$20),'Basic L1'!$O$2:$O$20,0))+SUMPRODUCT(('Basic L2'!$B$2:$B$27="Walls")*ISNUMBER('Basic L2'!$O$2:$O$27)*IF(ISNUMBER('Basic L2'!$O$2:$O$27),'Basic L2'!$O$2:$O$27,0))+SUMPRODUCT(('Advanced L1'!$B$2:$B$78="Walls")*ISNUMBER('Advanced L1'!$O$2:$O$78)*IF(ISNUMBER('Advanced L1'!$O$2:$O$78),'Advanced L1'!$O$2:$O$78,0))+SUMPRODUCT(('Snowden Tower L1'!$B$2:$B$86="Walls")*ISNUMBER('Snowden Tower L1'!$O$2:$O$86)*IF(ISNUMBER('Snowden Tower L1'!$O$2:$O$86),'Snowden Tower L1'!$O$2:$O$86,0))+SUMPRODUCT(('Snowden Tower L2'!$B$2:$B$70="Walls")*ISNUMBER('Snowden Tower L2'!$O$2:$O$70)*IF(ISNUMBER('Snowden Tower L2'!$O$2:$O$70),'Snowden Tower L2'!$O$2:$O$70,0)))/(SUMPRODUCT(('Basic L1'!$B$2:$B$20="Walls")*ISNUMBER('Basic L1'!$O$2:$O$20))+SUMPRODUCT(('Basic L2'!$B$2:$B$27="Walls")*ISNUMBER('Basic L2'!$O$2:$O$27))+SUMPRODUCT(('Advanced L1'!$B$2:$B$78="Walls")*ISNUMBER('Advanced L1'!$O$2:$O$78))+SUMPRODUCT(('Snowden Tower L1'!$B$2:$B$86="Walls")*ISNUMBER('Snowden Tower L1'!$O$2:$O$86))+SUMPRODUCT(('Snowden Tower L2'!$B$2:$B$70="Walls")*ISNUMBER('Snowden Tower L2'!$O$2:$O$70))))} -> 0.66205305 | I20: =IF((COUNTIFS('Basic L1'!$B$2:$B$20,"Walls",'Basic L1'!$S$2:$S$20,"<>")+COUNTIFS('Basic L2'!$B$2:$B$27,"Walls",'Basic L2'!$S$2:$S$27,"<>")+COUNTIFS('Advanced L1'!$B$2:$B$78,"Walls",'Advanced L1'!$S$2:$S$78,"<>")+COUNTIFS('Snowden Tower L1'!$B$2:$B$86,"Walls",'Snowden Tower L1'!$S$2:$S$86,"<>")+COUNTIFS('Snowden Tower L2'!$B$2:$B$70,"Walls",'Snowden Tower L2'!$S$2:$S$70,"<>"))=0,"N/A",(SUMIF('Basic L1'!$B$2:$B$20,"Walls",'Basic L1'!$S$2:$S$20)+SUMIF('Basic L2'!$B$2:$B$27,"Walls",'Basic L2'!$S$2:$S$27)+SUMIF('Advanced L1'!$B$2:$B$78,"Walls",'Advanced L1'!$S$2:$S$78)+SUMIF('Snowden Tower L1'!$B$2:$B$86,"Walls",'Snowden Tower L1'!$S$2:$S$86)+SUMIF('Snowden Tower L2'!$B$2:$B$70,"Walls",'Snowden Tower L2'!$S$2:$S$70))/(COUNTIFS('Basic L1'!$B$2:$B$20,"Walls",'Basic L1'!$S$2:$S$20,"<>")+COUNTIFS('Basic L2'!$B$2:$B$27,"Walls",'Basic L2'!$S$2:$S$27,"<>")+COUNTIFS('Advanced L1'!$B$2:$B$78,"Walls",'Advanced L1'!$S$2:$S$78,"<>")+COUNTIFS('Snowden Tower L1'!$B$2:$B$86,"Walls",'Snowden Tower L1'!$S$2:$S$86,"<>")+COUNTIFS('Snowden Tower L2'!$B$2:$B$70,"Walls",'Snowden Tower L2'!$S$2:$S$70,"<>"))) -> 1.1702844 | J20: =IF((COUNTIFS('Basic L1'!$B$2:$B$20,"Walls",'Basic L1'!$S$2:$S$20,"<>")+COUNTIFS('Basic L2'!$B$2:$B$27,"Walls",'Basic L2'!$S$2:$S$27,"<>")+COUNTIFS('Advanced L1'!$B$2:$B$78,"Walls",'Advanced L1'!$S$2:$S$78,"<>")+COUNTIFS('Snowden Tower L1'!$B$2:$B$86,"Walls",'Snowden Tower L1'!$S$2:$S$86,"<>")+COUNTIFS('Snowden Tower L2'!$B$2:$B$70,"Walls",'Snowden Tower L2'!$S$2:$S$70,"<>"))=0,"N/A",(COUNTIFS('Basic L1'!$B$2:$B$20,"Walls",'Basic L1'!$S$2:$S$20,">1")+COUNTIFS('Basic L2'!$B$2:$B$27,"Walls",'Basic L2'!$S$2:$S$27,">1")+COUNTIFS('Advanced L1'!$B$2:$B$78,"Walls",'Advanced L1'!$S$2:$S$78,">1")+COUNTIFS('Snowden Tower L1'!$B$2:$B$86,"Walls",'Snowden Tower L1'!$S$2:$S$86,">1")+COUNTIFS('Snowden Tower L2'!$B$2:$B$70,"Walls",'Snowden Tower L2'!$S$2:$S$70,">1"))/(COUNTIFS('Basic L1'!$B$2:$B$20,"Walls",'Basic L1'!$S$2:$S$20,"<>")+COUNTIFS('Basic L2'!$B$2:$B$27,"Walls",'Basic L2'!$S$2:$S$27,"<>")+COUNTIFS('Advanced L1'!$B$2:$B$78,"Walls",'Advanced L1'!$S$2:$S$78,"<>")+COUNTIFS('Snowden Tower L1'!$B$2:$B$86,"Walls",'Snowden Tower L1'!$S$2:$S$86,"<>")+COUNTIFS('Snowden Tower L2'!$B$2:$B$70,"Walls",'Snowden Tower L2'!$S$2:$S$70,"<>"))) -> 0.48484848 | K20: =COUNTIFS('Basic L1'!$B$2:$B$20,"Walls",'Basic L1'!$K$2:$K$20,">15")+COUNTIFS('Basic L2'!$B$2:$B$27,"Walls",'Basic L2'!$K$2:$K$27,">15")+COUNTIFS('Advanced L1'!$B$2:$B$78,"Walls",'Advanced L1'!$K$2:$K$78,">15")+COUNTIFS('Snowden Tower L1'!$B$2:$B$86,"Walls",'Snowden Tower L1'!$K$2:$K$86,">15")+COUNTIFS('Snowden Tower L2'!$B$2:$B$70,"Walls",'Snowden Tower L2'!$K$2:$K$70,">15") -> 0 | L20: 8.863 | Q20: Japan L7 | R20: 111 | S20: 1.9413786 | T20: 20.845739 | U20: 56.484 | V20: 0.38181818 | W20: 0.21613928 | X20: 0.8 | Y20: 18
B21: Room Tags | C21: =COUNTIF('Basic L1'!$B$2:$B$20,"Room Tags")+COUNTIF('Basic L2'!$B$2:$B$27,"Room Tags")+COUNTIF('Advanced L1'!$B$2:$B$78,"Room Tags")+COUNTIF('Snowden Tower L1'!$B$2:$B$86,"Room Tags")+COUNTIF('Snowden Tower L2'!$B$2:$B$70,"Room Tags") -> 70 | D21: =IF((COUNTIFS('Basic L1'!$B$2:$B$20,"Room Tags",'Basic L1'!$K$2:$K$20,"<>")+COUNTIFS('Basic L2'!$B$2:$B$27,"Room Tags",'Basic L2'!$K$2:$K$27,"<>")+COUNTIFS('Advanced L1'!$B$2:$B$78,"Room Tags",'Advanced L1'!$K$2:$K$78,"<>")+COUNTIFS('Snowden Tower L1'!$B$2:$B$86,"Room Tags",'Snowden Tower L1'!$K$2:$K$86,"<>")+COUNTIFS('Snowden Tower L2'!$B$2:$B$70,"Room Tags",'Snowden Tower L2'!$K$2:$K$70,"<>"))=0,"N/A",(SUMIF('Basic L1'!$B$2:$B$20,"Room Tags",'Basic L1'!$K$2:$K$20)+SUMIF('Basic L2'!$B$2:$B$27,"Room Tags",'Basic L2'!$K$2:$K$27)+SUMIF('Advanced L1'!$B$2:$B$78,"Room Tags",'Advanced L1'!$K$2:$K$78)+SUMIF('Snowden Tower L1'!$B$2:$B$86,"Room Tags",'Snowden Tower L1'!$K$2:$K$86)+SUMIF('Snowden Tower L2'!$B$2:$B$70,"Room Tags",'Snowden Tower L2'!$K$2:$K$70))/(COUNTIFS('Basic L1'!$B$2:$B$20,"Room Tags",'Basic L1'!$K$2:$K$20,"<>")+COUNTIFS('Basic L2'!$B$2:$B$27,"Room Tags",'Basic L2'!$K$2:$K$27,"<>")+COUNTIFS('Advanced L1'!$B$2:$B$78,"Room Tags",'Advanced L1'!$K$2:$K$78,"<>")+COUNTIFS('Snowden Tower L1'!$B$2:$B$86,"Room Tags",'Snowden Tower L1'!$K$2:$K$86,"<>")+COUNTIFS('Snowden Tower L2'!$B$2:$B$70,"Room Tags",'Snowden Tower L2'!$K$2:$K$70,"<>"))) -> 4.5161128 | E21: {=IFERROR(MEDIAN(IF('Basic L1'!$B$2:$B$20="Room Tags",'Basic L1'!$K$2:$K$20),IF('Basic L2'!$B$2:$B$27="Room Tags",'Basic L2'!$K$2:$K$27),IF('Advanced L1'!$B$2:$B$78="Room Tags",'Advanced L1'!$K$2:$K$78),IF('Snowden Tower L1'!$B$2:$B$86="Room Tags",'Snowden Tower L1'!$K$2:$K$86),IF('Snowden Tower L2'!$B$2:$B$70="Room Tags",'Snowden Tower L2'!$K$2:$K$70)),"N/A")} -> 2.4590159 | F21: =IF((COUNTIFS('Basic L1'!$B$2:$B$20,"Room Tags",'Basic L1'!$K$2:$K$20,"<>")+COUNTIFS('Basic L2'!$B$2:$B$27,"Room Tags",'Basic L2'!$K$2:$K$27,"<>")+COUNTIFS('Advanced L1'!$B$2:$B$78,"Room Tags",'Advanced L1'!$K$2:$K$78,"<>")+COUNTIFS('Snowden Tower L1'!$B$2:$B$86,"Room Tags",'Snowden Tower L1'!$K$2:$K$86,"<>")+COUNTIFS('Snowden Tower L2'!$B$2:$B$70,"Room Tags",'Snowden Tower L2'!$K$2:$K$70,"<>"))=0,"N/A",SQRT((SUMPRODUCT(('Basic L1'!$B$2:$B$20="Room Tags")*('Basic L1'!$K$2:$K$20)*('Basic L1'!$K$2:$K$20))+SUMPRODUCT(('Basic L2'!$B$2:$B$27="Room Tags")*('Basic L2'!$K$2:$K$27)*('Basic L2'!$K$2:$K$27))+SUMPRODUCT(('Advanced L1'!$B$2:$B$78="Room Tags")*('Advanced L1'!$K$2:$K$78)*('Advanced L1'!$K$2:$K$78))+SUMPRODUCT(('Snowden Tower L1'!$B$2:$B$86="Room Tags")*('Snowden Tower L1'!$K$2:$K$86)*('Snowden Tower L1'!$K$2:$K$86))+SUMPRODUCT(('Snowden Tower L2'!$B$2:$B$70="Room Tags")*('Snowden Tower L2'!$K$2:$K$70)*('Snowden Tower L2'!$K$2:$K$70)))/(COUNTIFS('Basic L1'!$B$2:$B$20,"Room Tags",'Basic L1'!$K$2:$K$20,"<>")+COUNTIFS('Basic L2'!$B$2:$B$27,"Room Tags",'Basic L2'!$K$2:$K$27,"<>")+COUNTIFS('Advanced L1'!$B$2:$B$78,"Room Tags",'Advanced L1'!$K$2:$K$78,"<>")+COUNTIFS('Snowden Tower L1'!$B$2:$B$86,"Room Tags",'Snowden Tower L1'!$K$2:$K$86,"<>")+COUNTIFS('Snowden Tower L2'!$B$2:$B$70,"Room Tags",'Snowden Tower L2'!$K$2:$K$70,"<>")))) -> 7.4571586 | G21: {=IF((SUMPRODUCT(('Basic L1'!$B$2:$B$20="Room Tags")*ISNUMBER('Basic L1'!$R$2:$R$20))+SUMPRODUCT(('Basic L2'!$B$2:$B$27="Room Tags")*ISNUMBER('Basic L2'!$R$2:$R$27))+SUMPRODUCT(('Advanced L1'!$B$2:$B$78="Room Tags")*ISNUMBER('Advanced L1'!$R$2:$R$78))+SUMPRODUCT(('Snowden Tower L1'!$B$2:$B$86="Room Tags")*ISNUMBER('Snowden Tower L1'!$R$2:$R$86))+SUMPRODUCT(('Snowden Tower L2'!$B$2:$B$70="Room Tags")*ISNUMBER('Snowden Tower L2'!$R$2:$R$70)))=0,"N/A",(SUMPRODUCT(('Basic L1'!$B$2:$B$20="Room Tags")*ISNUMBER('Basic L1'!$R$2:$R$20)*IF(ISNUMBER('Basic L1'!$R$2:$R$20),'Basic L1'!$R$2:$R$20,0))+SUMPRODUCT(('Basic L2'!$B$2:$B$27="Room Tags")*ISNUMBER('Basic L2'!$R$2:$R$27)*IF(ISNUMBER('Basic L2'!$R$2:$R$27),'Basic L2'!$R$2:$R$27,0))+SUMPRODUCT(('Advanced L1'!$B$2:$B$78="Room Tags")*ISNUMBER('Advanced L1'!$R$2:$R$78)*IF(ISNUMBER('Advanced L1'!$R$2:$R$78),'Advanced L1'!$R$2:$R$78,0))+SUMPRODUCT(('Snowden Tower L1'!$B$2:$B$86="Room Tags")*ISNUMBER('Snowden Tower L1'!$R$2:$R$86)*IF(ISNUMBER('Snowden Tower L1'!$R$2:$R$86),'Snowden Tower L1'!$R$2:$R$86,0))+SUMPRODUCT(('Snowden Tower L2'!$B$2:$B$70="Room Tags")*ISNUMBER('Snowden Tower L2'!$R$2:$R$70)*IF(ISNUMBER('Snowden Tower L2'!$R$2:$R$70),'Snowden Tower L2'!$R$2:$R$70,0)))/(SUMPRODUCT(('Basic L1'!$B$2:$B$20="Room Tags")*ISNUMBER('Basic L1'!$R$2:$R$20))+SUMPRODUCT(('Basic L2'!$B$2:$B$27="Room Tags")*ISNUMBER('Basic L2'!$R$2:$R$27))+SUMPRODUCT(('Advanced L1'!$B$2:$B$78="Room Tags")*ISNUMBER('Advanced L1'!$R$2:$R$78))+SUMPRODUCT(('Snowden Tower L1'!$B$2:$B$86="Room Tags")*ISNUMBER('Snowden Tower L1'!$R$2:$R$86))+SUMPRODUCT(('Snowden Tower L2'!$B$2:$B$70="Room Tags")*ISNUMBER('Snowden Tower L2'!$R$2:$R$70))))} -> 0.66666667 | H21: {=IF((SUMPRODUCT(('Basic L1'!$B$2:$B$20="Room Tags")*ISNUMBER('Basic L1'!$O$2:$O$20))+SUMPRODUCT(('Basic L2'!$B$2:$B$27="Room Tags")*ISNUMBER('Basic L2'!$O$2:$O$27))+SUMPRODUCT(('Advanced L1'!$B$2:$B$78="Room Tags")*ISNUMBER('Advanced L1'!$O$2:$O$78))+SUMPRODUCT(('Snowden Tower L1'!$B$2:$B$86="Room Tags")*ISNUMBER('Snowden Tower L1'!$O$2:$O$86))+SUMPRODUCT(('Snowden Tower L2'!$B$2:$B$70="Room Tags")*ISNUMBER('Snowden Tower L2'!$O$2:$O$70)))=0,"N/A",(SUMPRODUCT(('Basic L1'!$B$2:$B$20="Room Tags")*ISNUMBER('Basic L1'!$O$2:$O$20)*IF(ISNUMBER('Basic L1'!$O$2:$O$20),'Basic L1'!$O$2:$O$20,0))+SUMPRODUCT(('Basic L2'!$B$2:$B$27="Room Tags")*ISNUMBER('Basic L2'!$O$2:$O$27)*IF(ISNUMBER('Basic L2'!$O$2:$O$27),'Basic L2'!$O$2:$O$27,0))+SUMPRODUCT(('Advanced L1'!$B$2:$B$78="Room Tags")*ISNUMBER('Advanced L1'!$O$2:$O$78)*IF(ISNUMBER('Advanced L1'!$O$2:$O$78),'Advanced L1'!$O$2:$O$78,0))+SUMPRODUCT(('Snowden Tower L1'!$B$2:$B$86="Room Tags")*ISNUMBER('Snowden Tower L1'!$O$2:$O$86)*IF(ISNUMBER('Snowden Tower L1'!$O$2:$O$86),'Snowden Tower L1'!$O$2:$O$86,0))+SUMPRODUCT(('Snowden Tower L2'!$B$2:$B$70="Room Tags")*ISNUMBER('Snowden Tower L2'!$O$2:$O$70)*IF(ISNUMBER('Snowden Tower L2'!$O$2:$O$70),'Snowden Tower L2'!$O$2:$O$70,0)))/(SUMPRODUCT(('Basic L1'!$B$2:$B$20="Room Tags")*ISNUMBER('Basic L1'!$O$2:$O$20))+SUMPRODUCT(('Basic L2'!$B$2:$B$27="Room Tags")*ISNUMBER('Basic L2'!$O$2:$O$27))+SUMPRODUCT(('Advanced L1'!$B$2:$B$78="Room Tags")*ISNUMBER('Advanced L1'!$O$2:$O$78))+SUMPRODUCT(('Snowden Tower L1'!$B$2:$B$86="Room Tags")*ISNUMBER('Snowden Tower L1'!$O$2:$O$86))+SUMPRODUCT(('Snowden Tower L2'!$B$2:$B$70="Room Tags")*ISNUMBER('Snowden Tower L2'!$O$2:$O$70))))} -> 0.67461759 | I21: =IF((COUNTIFS('Basic L1'!$B$2:$B$20,"Room Tags",'Basic L1'!$S$2:$S$20,"<>")+COUNTIFS('Basic L2'!$B$2:$B$27,"Room Tags",'Basic L2'!$S$2:$S$27,"<>")+COUNTIFS('Advanced L1'!$B$2:$B$78,"Room Tags",'Advanced L1'!$S$2:$S$78,"<>")+COUNTIFS('Snowden Tower L1'!$B$2:$B$86,"Room Tags",'Snowden Tower L1'!$S$2:$S$86,"<>")+COUNTIFS('Snowden Tower L2'!$B$2:$B$70,"Room Tags",'Snowden Tower L2'!$S$2:$S$70,"<>"))=0,"N/A",(SUMIF('Basic L1'!$B$2:$B$20,"Room Tags",'Basic L1'!$S$2:$S$20)+SUMIF('Basic L2'!$B$2:$B$27,"Room Tags",'Basic L2'!$S$2:$S$27)+SUMIF('Advanced L1'!$B$2:$B$78,"Room Tags",'Advanced L1'!$S$2:$S$78)+SUMIF('Snowden Tower L1'!$B$2:$B$86,"Room Tags",'Snowden Tower L1'!$S$2:$S$86)+SUMIF('Snowden Tower L2'!$B$2:$B$70,"Room Tags",'Snowden Tower L2'!$S$2:$S$70))/(COUNTIFS('Basic L1'!$B$2:$B$20,"Room Tags",'Basic L1'!$S$2:$S$20,"<>")+COUNTIFS('Basic L2'!$B$2:$B$27,"Room Tags",'Basic L2'!$S$2:$S$27,"<>")+COUNTIFS('Advanced L1'!$B$2:$B$78,"Room Tags",'Advanced L1'!$S$2:$S$78,"<>")+COUNTIFS('Snowden Tower L1'!$B$2:$B$86,"Room Tags",'Snowden Tower L1'!$S$2:$S$86,"<>")+COUNTIFS('Snowden Tower L2'!$B$2:$B$70,"Room Tags",'Snowden Tower L2'!$S$2:$S$70,"<>"))) -> 0.98023499 | J21: =IF((COUNTIFS('Basic L1'!$B$2:$B$20,"Room Tags",'Basic L1'!$S$2:$S$20,"<>")+COUNTIFS('Basic L2'!$B$2:$B$27,"Room Tags",'Basic L2'!$S$2:$S$27,"<>")+COUNTIFS('Advanced L1'!$B$2:$B$78,"Room Tags",'Advanced L1'!$S$2:$S$78,"<>")+COUNTIFS('Snowden Tower L1'!$B$2:$B$86,"Room Tags",'Snowden Tower L1'!$S$2:$S$86,"<>")+COUNTIFS('Snowden Tower L2'!$B$2:$B$70,"Room Tags",'Snowden Tower L2'!$S$2:$S$70,"<>"))=0,"N/A",(COUNTIFS('Basic L1'!$B$2:$B$20,"Room Tags",'Basic L1'!$S$2:$S$20,">1")+COUNTIFS('Basic L2'!$B$2:$B$27,"Room Tags",'Basic L2'!$S$2:$S$27,">1")+COUNTIFS('Advanced L1'!$B$2:$B$78,"Room Tags",'Advanced L1'!$S$2:$S$78,">1")+COUNTIFS('Snowden Tower L1'!$B$2:$B$86,"Room Tags",'Snowden Tower L1'!$S$2:$S$86,">1")+COUNTIFS('Snowden Tower L2'!$B$2:$B$70,"Room Tags",'Snowden Tower L2'!$S$2:$S$70,">1"))/(COUNTIFS('Basic L1'!$B$2:$B$20,"Room Tags",'Basic L1'!$S$2:$S$20,"<>")+COUNTIFS('Basic L2'!$B$2:$B$27,"Room Tags",'Basic L2'!$S$2:$S$27,"<>")+COUNTIFS('Advanced L1'!$B$2:$B$78,"Room Tags",'Advanced L1'!$S$2:$S$78,"<>")+COUNTIFS('Snowden Tower L1'!$B$2:$B$86,"Room Tags",'Snowden Tower L1'!$S$2:$S$86,"<>")+COUNTIFS('Snowden Tower L2'!$B$2:$B$70,"Room Tags",'Snowden Tower L2'!$S$2:$S$70,"<>"))) -> 0.28571429 | K21: =COUNTIFS('Basic L1'!$B$2:$B$20,"Room Tags",'Basic L1'!$K$2:$K$20,">15")+COUNTIFS('Basic L2'!$B$2:$B$27,"Room Tags",'Basic L2'!$K$2:$K$27,">15")+COUNTIFS('Advanced L1'!$B$2:$B$78,"Room Tags",'Advanced L1'!$K$2:$K$78,">15")+COUNTIFS('Snowden Tower L1'!$B$2:$B$86,"Room Tags",'Snowden Tower L1'!$K$2:$K$86,">15")+COUNTIFS('Snowden Tower L2'!$B$2:$B$70,"Room Tags",'Snowden Tower L2'!$K$2:$K$70,">15") -> 6 | L21: 19.453 | Q21: Italic rows = Germany & Japan (alternative drafting conventions, evaluated separately).
B22: Counts differ from the per-floorplan table totals because Germany L1 and Japan L7 are excluded here.
B23: 3 · HEADLINE — core floorplans vs. convention tests
B24: Scope | C24: Tags | D24: Mean DfO | E24: Median DfO | F24: Win Rate | G24: Cosine | H24: Gross Fail | L24: 95th Pct Dist_From_Optimal
B25: Core floorplans (5) | C25: =COUNTA('Basic L1'!$B$2:$B$20)+COUNTA('Basic L2'!$B$2:$B$27)+COUNTA('Advanced L1'!$B$2:$B$78)+COUNTA('Snowden Tower L1'!$B$2:$B$86)+COUNTA('Snowden Tower L2'!$B$2:$B$70) -> 276 | D25: =(SUM('Basic L1'!$K$2:$K$20)+SUM('Basic L2'!$K$2:$K$27)+SUM('Advanced L1'!$K$2:$K$78)+SUM('Snowden Tower L1'!$K$2:$K$86)+SUM('Snowden Tower L2'!$K$2:$K$70))/(COUNT('Basic L1'!$K$2:$K$20)+COUNT('Basic L2'!$K$2:$K$27)+COUNT('Advanced L1'!$K$2:$K$78)+COUNT('Snowden Tower L1'!$K$2:$K$86)+COUNT('Snowden Tower L2'!$K$2:$K$70)) -> 2.4028724 | E25: =MEDIAN('Basic L1'!$K$2:$K$20,'Basic L2'!$K$2:$K$27,'Advanced L1'!$K$2:$K$78,'Snowden Tower L1'!$K$2:$K$86,'Snowden Tower L2'!$K$2:$K$70) -> 1.364903 | F25: =(SUM('Basic L1'!$R$2:$R$20)+SUM('Basic L2'!$R$2:$R$27)+SUM('Advanced L1'!$R$2:$R$78)+SUM('Snowden Tower L1'!$R$2:$R$86)+SUM('Snowden Tower L2'!$R$2:$R$70))/(COUNT('Basic L1'!$R$2:$R$20)+COUNT('Basic L2'!$R$2:$R$27)+COUNT('Advanced L1'!$R$2:$R$78)+COUNT('Snowden Tower L1'!$R$2:$R$86)+COUNT('Snowden Tower L2'!$R$2:$R$70)) -> 0.75308642 | G25: =(SUM('Basic L1'!$O$2:$O$20)+SUM('Basic L2'!$O$2:$O$27)+SUM('Advanced L1'!$O$2:$O$78)+SUM('Snowden Tower L1'!$O$2:$O$86)+SUM('Snowden Tower L2'!$O$2:$O$70))/(COUNT('Basic L1'!$O$2:$O$20)+COUNT('Basic L2'!$O$2:$O$27)+COUNT('Advanced L1'!$O$2:$O$78)+COUNT('Snowden Tower L1'!$O$2:$O$86)+COUNT('Snowden Tower L2'!$O$2:$O$70)) -> 0.73322217 | H25: =COUNTIF('Basic L1'!$K$2:$K$20,">15")+COUNTIF('Basic L2'!$K$2:$K$27,">15")+COUNTIF('Advanced L1'!$K$2:$K$78,">15")+COUNTIF('Snowden Tower L1'!$K$2:$K$86,">15")+COUNTIF('Snowden Tower L2'!$K$2:$K$70,">15") -> 6 | L25: 9.971
B26: Convention tests (Germany+Japan) | C26: =COUNTA('Germany L1'!$B$2:$B$37)+COUNTA('Japan L7'!$B$2:$B$112) -> 147 | D26: =(SUM('Germany L1'!$K$2:$K$37)+SUM('Japan L7'!$K$2:$K$112))/(COUNT('Germany L1'!$K$2:$K$37)+COUNT('Japan L7'!$K$2:$K$112)) -> 7.5536228 | E26: =MEDIAN('Germany L1'!$K$2:$K$37,'Japan L7'!$K$2:$K$112) -> 1.740928 | F26: =(SUM('Germany L1'!$R$2:$R$37)+SUM('Japan L7'!$R$2:$R$112))/(COUNT('Germany L1'!$R$2:$R$37)+COUNT('Japan L7'!$R$2:$R$112)) -> 0.47945205 | G26: =(SUM('Germany L1'!$O$2:$O$37)+SUM('Japan L7'!$O$2:$O$112))/(COUNT('Germany L1'!$O$2:$O$37)+COUNT('Japan L7'!$O$2:$O$112)) -> 0.35556854 | H26: =COUNTIF('Germany L1'!$K$2:$K$37,">15")+COUNTIF('Japan L7'!$K$2:$K$112,">15") -> 18 | L26: 46.25
B27: All floorplans (7) | C27: =COUNTA('Basic L1'!$B$2:$B$20)+COUNTA('Basic L2'!$B$2:$B$27)+COUNTA('Advanced L1'!$B$2:$B$78)+COUNTA('Germany L1'!$B$2:$B$37)+COUNTA('Japan L7'!$B$2:$B$112)+COUNTA('Snowden Tower L1'!$B$2:$B$86)+COUNTA('Snowden Tower L2'!$B$2:$B$70) -> 423 | D27: =(SUM('Basic L1'!$K$2:$K$20)+SUM('Basic L2'!$K$2:$K$27)+SUM('Advanced L1'!$K$2:$K$78)+SUM('Germany L1'!$K$2:$K$37)+SUM('Japan L7'!$K$2:$K$112)+SUM('Snowden Tower L1'!$K$2:$K$86)+SUM('Snowden Tower L2'!$K$2:$K$70))/(COUNT('Basic L1'!$K$2:$K$20)+COUNT('Basic L2'!$K$2:$K$27)+COUNT('Advanced L1'!$K$2:$K$78)+COUNT('Germany L1'!$K$2:$K$37)+COUNT('Japan L7'!$K$2:$K$112)+COUNT('Snowden Tower L1'!$K$2:$K$86)+COUNT('Snowden Tower L2'!$K$2:$K$70)) -> 4.1928495 | E27: =MEDIAN('Basic L1'!$K$2:$K$20,'Basic L2'!$K$2:$K$27,'Advanced L1'!$K$2:$K$78,'Germany L1'!$K$2:$K$37,'Japan L7'!$K$2:$K$112,'Snowden Tower L1'!$K$2:$K$86,'Snowden Tower L2'!$K$2:$K$70) -> 1.4886 | F27: =(SUM('Basic L1'!$R$2:$R$20)+SUM('Basic L2'!$R$2:$R$27)+SUM('Advanced L1'!$R$2:$R$78)+SUM('Germany L1'!$R$2:$R$37)+SUM('Japan L7'!$R$2:$R$112)+SUM('Snowden Tower L1'!$R$2:$R$86)+SUM('Snowden Tower L2'!$R$2:$R$70))/(COUNT('Basic L1'!$R$2:$R$20)+COUNT('Basic L2'!$R$2:$R$27)+COUNT('Advanced L1'!$R$2:$R$78)+COUNT('Germany L1'!$R$2:$R$37)+COUNT('Japan L7'!$R$2:$R$112)+COUNT('Snowden Tower L1'!$R$2:$R$86)+COUNT('Snowden Tower L2'!$R$2:$R$70)) -> 0.6503856 | G27: =(SUM('Basic L1'!$O$2:$O$20)+SUM('Basic L2'!$O$2:$O$27)+SUM('Advanced L1'!$O$2:$O$78)+SUM('Germany L1'!$O$2:$O$37)+SUM('Japan L7'!$O$2:$O$112)+SUM('Snowden Tower L1'!$O$2:$O$86)+SUM('Snowden Tower L2'!$O$2:$O$70))/(COUNT('Basic L1'!$O$2:$O$20)+COUNT('Basic L2'!$O$2:$O$27)+COUNT('Advanced L1'!$O$2:$O$78)+COUNT('Germany L1'!$O$2:$O$37)+COUNT('Japan L7'!$O$2:$O$112)+COUNT('Snowden Tower L1'!$O$2:$O$86)+COUNT('Snowden Tower L2'!$O$2:$O$70)) -> 0.58963511 | H27: =COUNTIF('Basic L1'!$K$2:$K$20,">15")+COUNTIF('Basic L2'!$K$2:$K$27,">15")+COUNTIF('Advanced L1'!$K$2:$K$78,">15")+COUNTIF('Germany L1'!$K$2:$K$37,">15")+COUNTIF('Japan L7'!$K$2:$K$112,">15")+COUNTIF('Snowden Tower L1'!$K$2:$K$86,">15")+COUNTIF('Snowden Tower L2'!$K$2:$K$70,">15") -> 24 | L27: 19.488

Sheet Movement Vectors
B2: TAG MOVEMENT VECTORS BY FLOORPLAN
B3: Each arrow starts at a tag's input position (the element centroid). Blue = where the solver moved it; green = where the human drafter moved it. Where blue and green overlap, the solver agreed with the human; divergent arrows show disagreement in direction or distance.
B5: Basic L1
B37: Basic L2
B69: Advanced L1
B101: Germany L1
B133: Japan L7
B165: Snowden Tower L1
B197: Snowden Tower L2

Sheet Basic L1
A1: TagId | B1: TaggedCategory | C1: Optimal_X | D1: Optimal_Y | E1: Input_X | F1: Input_Y | G1: Output_X | H1: Output_Y | J1: Dist_From_Centre | K1: Dist_From_Optimal | L1: Optimal_Dist_From_Centre | M1: Improvement_Ratio | N1: Error_Reduction_Pct | O1: Move_Cosine_Similarity | P1: Error_DX | Q1: Error_DY | R1: Beat_Baseline | S1: Solver_vs_Human_InputDist
A2: 1098985 | B2: Doors | C2: 19.0825 | D2: 0.6761 | E2: 22.8377 | F2: 0.7953 | G2: 21.4597 | H2: 1.5 | J2: =IFERROR(SQRT((F2-H2)^2+(E2-G2)^2),"") -> 1.5477358 | K2: =IFERROR(SQRT((D2-H2)^2+(C2-G2)^2),"") -> 2.5159275 | L2: =IFERROR(SQRT((D2-F2)^2+(C2-E2)^2),"") -> 3.7570914 | M2: =IF(AND(AND(ISNUMBER(E2),ISNUMBER(F2)),ISNUMBER(L2),L2>0),K2/L2,"") -> 0.66964766 | N2: =IF(AND(AND(ISNUMBER(E2),ISNUMBER(F2)),ISNUMBER(L2),L2>0),(L2-K2)/L2,"") -> 0.33035234 | O2: =IFERROR(IF(AND(AND(ISNUMBER(E2),ISNUMBER(F2)),SQRT((G2-E2)^2+(H2-F2)^2)>0,SQRT((C2-E2)^2+(D2-F2)^2)>0),((G2-E2)*(C2-E2)+(H2-F2)*(D2-F2))/(SQRT((G2-E2)^2+(H2-F2)^2)*SQRT((C2-E2)^2+(D2-F2)^2)),""),"") -> 0.87543915 | P2: =IF(AND(ISNUMBER(G2),ISNUMBER(C2)),G2-C2,"") -> 2.3772 | Q2: =IF(AND(ISNUMBER(H2),ISNUMBER(D2)),H2-D2,"") -> 0.8239 | R2: =IF(M2="","",IF(M2<1,1,0)) -> 1 | S2: =IF(AND(ISNUMBER(J2),ISNUMBER(L2),L2>0),J2/L2,"") -> 0.41195053
A3: 1098986 | B3: Doors | C3: 30.9775 | D3: 5.7461 | E3: 30.9775 | F3: 4.063 | G3: 30.9775 | H3: 3.5 | J3: =IFERROR(SQRT((F3-H3)^2+(E3-G3)^2),"") -> 0.563 | K3: =IFERROR(SQRT((D3-H3)^2+(C3-G3)^2),"") -> 2.2461 | L3: =IFERROR(SQRT((D3-F3)^2+(C3-E3)^2),"") -> 1.6831 | M3: =IF(AND(AND(ISNUMBER(E3),ISNUMBER(F3)),ISNUMBER(L3),L3>0),K3/L3,"") -> 1.3345018 | N3: =IF(AND(AND(ISNUMBER(E3),ISNUMBER(F3)),ISNUMBER(L3),L3>0),(L3-K3)/L3,"") -> -0.33450181 | O3: =IFERROR(IF(AND(AND(ISNUMBER(E3),ISNUMBER(F3)),SQRT((G3-E3)^2+(H3-F3)^2)>0,SQRT((C3-E3)^2+(D3-F3)^2)>0),((G3-E3)*(C3-E3)+(H3-F3)*(D3-F3))/(SQRT((G3-E3)^2+(H3-F3)^2)*SQRT((C3-E3)^2+(D3-F3)^2)),""),"") -> -1 | P3: =IF(AND(ISNUMBER(G3),ISNUMBER(C3)),G3-C3,"") -> 0 | Q3: =IF(AND(ISNUMBER(H3),ISNUMBER(D3)),H3-D3,"") -> -2.2461 | R3: =IF(M3="","",IF(M3<1,1,0)) -> 0 | S3: =IF(AND(ISNUMBER(J3),ISNUMBER(L3),L3>0),J3/L3,"") -> 0.33450181
A4: 1098987 | B4: Doors | C4: 31.3982 | D4: -1.2924 | E4: 30.9775 | F4: -2.4414 | G4: 30.9775 | H4: -4.5 | J4: =IFERROR(SQRT((F4-H4)^2+(E4-G4)^2),"") -> 2.0586 | K4: =IFERROR(SQRT((D4-H4)^2+(C4-G4)^2),"") -> 3.2350713 | L4: =IFERROR(SQRT((D4-F4)^2+(C4-E4)^2),"") -> 1.2235969 | M4: =IF(AND(AND(ISNUMBER(E4),ISNUMBER(F4)),ISNUMBER(L4),L4>0),K4/L4,"") -> 2.6439027 | N4: =IF(AND(AND(ISNUMBER(E4),ISNUMBER(F4)),ISNUMBER(L4),L4>0),(L4-K4)/L4,"") -> -1.6439027 | O4: =IFERROR(IF(AND(AND(ISNUMBER(E4),ISNUMBER(F4)),SQRT((G4-E4)^2+(H4-F4)^2)>0,SQRT((C4-E4)^2+(D4-F4)^2)>0),((G4-E4)*(C4-E4)+(H4-F4)*(D4-F4))/(SQRT((G4-E4)^2+(H4-F4)^2)*SQRT((C4-E4)^2+(D4-F4)^2)),""),"") -> -0.93903471 | P4: =IF(AND(ISNUMBER(G4),ISNUMBER(C4)),G4-C4,"") -> -0.4207 | Q4: =IF(AND(ISNUMBER(H4),ISNUMBER(D4)),H4-D4,"") -> -3.2076 | R4: =IF(M4="","",IF(M4<1,1,0)) -> 0 | S4: =IF(AND(ISNUMBER(J4),ISNUMBER(L4),L4>0),J4/L4,"") -> 1.6824168
A5: 1098988 | B5: Doors | C5: 25.6625 | D5: -53.1814 | E5: 25.6625 | F5: -51.225 | G5: 25.6625 | H5: -52 | J5: =IFERROR(SQRT((F5-H5)^2+(E5-G5)^2),"") -> 0.775 | K5: =IFERROR(SQRT((D5-H5)^2+(C5-G5)^2),"") -> 1.1814 | L5: =IFERROR(SQRT((D5-F5)^2+(C5-E5)^2),"") -> 1.9564 | M5: =IF(AND(AND(ISNUMBER(E5),ISNUMBER(F5)),ISNUMBER(L5),L5>0),K5/L5,"") -> 0.60386424 | N5: =IF(AND(AND(ISNUMBER(E5),ISNUMBER(F5)),ISNUMBER(L5),L5>0),(L5-K5)/L5,"") -> 0.39613576 | O5: =IFERROR(IF(AND(AND(ISNUMBER(E5),ISNUMBER(F5)),SQRT((G5-E5)^2+(H5-F5)^2)>0,SQRT((C5-E5)^2+(D5-F5)^2)>0),((G5-E5)*(C5-E5)+(H5-F5)*(D5-F5))/(SQRT((G5-E5)^2+(H5-F5)^2)*SQRT((C5-E5)^2+(D5-F5)^2)),""),"") -> 1 | P5: =IF(AND(ISNUMBER(G5),ISNUMBER(C5)),G5-C5,"") -> 0 | Q5: =IF(AND(ISNUMBER(H5),ISNUMBER(D5)),H5-D5,"") -> 1.1814 | R5: =IF(M5="","",IF(M5<1,1,0)) -> 1 | S5: =IF(AND(ISNUMBER(J5),ISNUMBER(L5),L5>0),J5/L5,"") -> 0.39613576
A6: 1098989 | B6: Doors | C6: 40.3607 | D6: -53.1814 | E6: 40.3607 | F6: -51.225 | G6: 40.3607 | H6: -52 | J6: =IFERROR(SQRT((F6-H6)^2+(E6-G6)^2),"") -> 0.775 | K6: =IFERROR(SQRT((D6-H6)^2+(C6-G6)^2),"") -> 1.1814 | L6: =IFERROR(SQRT((D6-F6)^2+(C6-E6)^2),"") -> 1.9564 | M6: =IF(AND(AND(ISNUMBER(E6),ISNUMBER(F6)),ISNUMBER(L6),L6>0),K6/L6,"") -> 0.60386424 | N6: =IF(AND(AND(ISNUMBER(E6),ISNUMBER(F6)),ISNUMBER(L6),L6>0),(L6-K6)/L6,"") -> 0.39613576 | O6: =IFERROR(IF(AND(AND(ISNUMBER(E6),ISNUMBER(F6)),SQRT((G6-E6)^2+(H6-F6)^2)>0,SQRT((C6-E6)^2+(D6-F6)^2)>0),((G6-E6)*(C6-E6)+(H6-F6)*(D6-F6))/(SQRT((G6-E6)^2+(H6-F6)^2)*SQRT((C6-E6)^2+(D6-F6)^2)),""),"") -> 1 | P6: =IF(AND(ISNUMBER(G6),ISNUMBER(C6)),G6-C6,"") -> 0 | Q6: =IF(AND(ISNUMBER(H6),ISNUMBER(D6)),H6-D6,"") -> 1.1814 | R6: =IF(M6="","",IF(M6<1,1,0)) -> 1 | S6: =IF(AND(ISNUMBER(J6),ISNUMBER(L6),L6>0),J6/L6,"") -> 0.39613576
A7: 1098990 | B7: Windows | C7: 20.2017 | D7: -22.8071 | E7: 22.8377 | F7: -22.8071 | G7: 20.5 | H7: -22.8071 | J7: =IFERROR(SQRT((F7-H7)^2+(E7-G7)^2),"") -> 2.3377 | K7: =IFERROR(SQRT((D7-H7)^2+(C7-G7)^2),"") -> 0.2983 | L7: =IFERROR(SQRT((D7-F7)^2+(C7-E7)^2),"") -> 2.636 | M7: =IF(AND(AND(ISNUMBER(E7),ISNUMBER(F7)),ISNUMBER(L7),L7>0),K7/L7,"") -> 0.11316388 | N7: =IF(AND(AND(ISNUMBER(E7),ISNUMBER(F7)),ISNUMBER(L7),L7>0),(L7-K7)/L7,"") -> 0.88683612 | O7: =IFERROR(IF(AND(AND(ISNUMBER(E7),ISNUMBER(F7)),SQRT((G7-E7)^2+(H7-F7)^2)>0,SQRT((C7-E7)^2+(D7-F7)^2)>0),((G7-E7)*(C7-E7)+(H7-F7)*(D7-F7))/(SQRT((G7-E7)^2+(H7-F7)^2)*SQRT((C7-E7)^2+(D7-F7)^2)),""),"") -> 1 | P7: =IF(AND(ISNUMBER(G7),ISNUMBER(C7)),G7-C7,"") -> 0.2983 | Q7: =IF(AND(ISNUMBER(H7),ISNUMBER(D7)),H7-D7,"") -> 0 | R7: =IF(M7="","",IF(M7<1,1,0)) -> 1 | S7: =IF(AND(ISNUMBER(J7),ISNUMBER(L7),L7>0),J7/L7,"") -> 0.88683612
A8: 1098991 | B8: Windows | C8: 20.2017 | D8: -27.7283 | E8: 22.8377 | F8: -27.7283 | G8: 20.5 | H8: -27.7283 | J8: =IFERROR(SQRT((F8-H8)^2+(E8-G8)^2),"") -> 2.3377 | K8: =IFERROR(SQRT((D8-H8)^2+(C8-G8)^2),"") -> 0.2983 | L8: =IFERROR(SQRT((D8-F8)^2+(C8-E8)^2),"") -> 2.636 | M8: =IF(AND(AND(ISNUMBER(E8),ISNUMBER(F8)),ISNUMBER(L8),L8>0),K8/L8,"") -> 0.11316388 | N8: =IF(AND(AND(ISNUMBER(E8),ISNUMBER(F8)),ISNUMBER(L8),L8>0),(L8-K8)/L8,"") -> 0.88683612 | O8: =IFERROR(IF(AND(AND(ISNUMBER(E8),ISNUMBER(F8)),SQRT((G8-E8)^2+(H8-F8)^2)>0,SQRT((C8-E8)^2+(D8-F8)^2)>0),((G8-E8)*(C8-E8)+(H8-F8)*(D8-F8))/(SQRT((G8-E8)^2+(H8-F8)^2)*SQRT((C8-E8)^2+(D8-F8)^2)),""),"") -> 1 | P8: =IF(AND(ISNUMBER(G8),ISNUMBER(C8)),G8-C8,"") -> 0.2983 | Q8: =IF(AND(ISNUMBER(H8),ISNUMBER(D8)),H8-D8,"") -> 0 | R8: =IF(M8="","",IF(M8<1,1,0)) -> 1 | S8: =IF(AND(ISNUMBER(J8),ISNUMBER(L8),L8>0),J8/L8,"") -> 0.88683612
A9: 1098992 | B9: Windows | C9: 20.2017 | D9: -32.6496 | E9: 22.8377 | F9: -32.6496 | G9: 20.5 | H9: -32.6496 | J9: =IFERROR(SQRT((F9-H9)^2+(E9-G9)^2),"") -> 2.3377 | K9: =IFERROR(SQRT((D9-H9)^2+(C9-G9)^2),"") -> 0.2983 | L9: =IFERROR(SQRT((D9-F9)^2+(C9-E9)^2),"") -> 2.636 | M9: =IF(AND(AND(ISNUMBER(E9),ISNUMBER(F9)),ISNUMBER(L9),L9>0),K9/L9,"") -> 0.11316388 | N9: =IF(AND(AND(ISNUMBER(E9),ISNUMBER(F9)),ISNUMBER(L9),L9>0),(L9-K9)/L9,"") -> 0.88683612 | O9: =IFERROR(IF(AND(AND(ISNUMBER(E9),ISNUMBER(F9)),SQRT((G9-E9)^2+(H9-F9)^2)>0,SQRT((C9-E9)^2+(D9-F9)^2)>0),((G9-E9)*(C9-E9)+(H9-F9)*(D9-F9))/(SQRT((G9-E9)^2+(H9-F9)^2)*SQRT((C9-E9)^2+(D9-F9)^2)),""),"") -> 1 | P9: =IF(AND(ISNUMBER(G9),ISNUMBER(C9)),G9-C9,"") -> 0.2983 | Q9: =IF(AND(ISNUMBER(H9),ISNUMBER(D9)),H9-D9,"") -> 0 | R9: =IF(M9="","",IF(M9<1,1,0)) -> 1 | S9: =IF(AND(ISNUMBER(J9),ISNUMBER(L9),L9>0),J9/L9,"") -> 0.88683612
A10: 1098993 | B10: Windows | C10: 20.2017 | D10: -37.5708 | E10: 22.8377 | F10: -37.5708 | G10: 20.5 | H10: -37.5708 | J10: =IFERROR(SQRT((F10-H10)^2+(E10-G10)^2),"") -> 2.3377 | K10: =IFERROR(SQRT((D10-H10)^2+(C10-G10)^2),"") -> 0.2983 | L10: =IFERROR(SQRT((D10-F10)^2+(C10-E10)^2),"") -> 2.636 | M10: =IF(AND(AND(ISNUMBER(E10),ISNUMBER(F10)),ISNUMBER(L10),L10>0),K10/L10,"") -> 0.11316388 | N10: =IF(AND(AND(ISNUMBER(E10),ISNUMBER(F10)),ISNUMBER(L10),L10>0),(L10-K10)/L10,"") -> 0.88683612 | O10: =IFERROR(IF(AND(AND(ISNUMBER(E10),ISNUMBER(F10)),SQRT((G10-E10)^2+(H10-F10)^2)>0,SQRT((C10-E10)^2+(D10-F10)^2)>0),((G10-E10)*(C10-E10)+(H10-F10)*(D10-F10))/(SQRT((G10-E10)^2+(H10-F10)^2)*SQRT((C10-E10)^2+(D10-F10)^2)),""),"") -> 1 | P10: =IF(AND(ISNUMBER(G10),ISNUMBER(C10)),G10-C10,"") -> 0.2983 | Q10: =IF(AND(ISNUMBER(H10),ISNUMBER(D10)),H10-D10,"") -> 0 | R10: =IF(M10="","",IF(M10<1,1,0)) -> 1 | S10: =IF(AND(ISNUMBER(J10),ISNUMBER(L10),L10>0),J10/L10,"") -> 0.88683612
A11: 1098994 | B11: Windows | C11: 45.7954 | D11: -22.8071 | E11: 43.1855 | F11: -22.8071 | G11: 45.5 | H11: -22.8071 | J11: =IFERROR(SQRT((F11-H11)^2+(E11-G11)^2),"") -> 2.3145 | K11: =IFERROR(SQRT((D11-H11)^2+(C11-G11)^2),"") -> 0.2954 | L11: =IFERROR(SQRT((D11-F11)^2+(C11-E11)^2),"") -> 2.6099 | M11: =IF(AND(AND(ISNUMBER(E11),ISNUMBER(F11)),ISNUMBER(L11),L11>0),K11/L11,"") -> 0.11318441 | N11: =IF(AND(AND(ISNUMBER(E11),ISNUMBER(F11)),ISNUMBER(L11),L11>0),(L11-K11)/L11,"") -> 0.88681559 | O11: =IFERROR(IF(AND(AND(ISNUMBER(E11),ISNUMBER(F11)),SQRT((G11-E11)^2+(H11-F11)^2)>0,SQRT((C11-E11)^2+(D11-F11)^2)>0),((G11-E11)*(C11-E11)+(H11-F11)*(D11-F11))/(SQRT((G11-E11)^2+(H11-F11)^2)*SQRT((C11-E11)^2+(D11-F11)^2)),""),"") -> 1 | P11: =IF(AND(ISNUMBER(G11),ISNUMBER(C11)),G11-C11,"") -> -0.2954 | Q11: =IF(AND(ISNUMBER(H11),ISNUMBER(D11)),H11-D11,"") -> 0 | R11: =IF(M11="","",IF(M11<1,1,0)) -> 1 | S11: =IF(AND(ISNUMBER(J11),ISNUMBER(L11),L11>0),J11/L11,"") -> 0.88681559
A12: 1098995 | B12: Windows | C12: 45.7954 | D12: -27.7283 | E12: 43.1855 | F12: -27.7283 | G12: 45.5 | H12: -27.7283 | J12: =IFERROR(SQRT((F12-H12)^2+(E12-G12)^2),"") -> 2.3145 | K12: =IFERROR(SQRT((D12-H12)^2+(C12-G12)^2),"") -> 0.2954 | L12: =IFERROR(SQRT((D12-F12)^2+(C12-E12)^2),"") -> 2.6099 | M12: =IF(AND(AND(ISNUMBER(E12),ISNUMBER(F12)),ISNUMBER(L12),L12>0),K12/L12,"") -> 0.11318441 | N12: =IF(AND(AND(ISNUMBER(E12),ISNUMBER(F12)),ISNUMBER(L12),L12>0),(L12-K12)/L12,"") -> 0.88681559 | O12: =IFERROR(IF(AND(AND(ISNUMBER(E12),ISNUMBER(F12)),SQRT((G12-E12)^2+(H12-F12)^2)>0,SQRT((C12-E12)^2+(D12-F12)^2)>0),((G12-E12)*(C12-E12)+(H12-F12)*(D12-F12))/(SQRT((G12-E12)^2+(H12-F12)^2)*SQRT((C12-E12)^2+(D12-F12)^2)),""),"") -> 1 | P12: =IF(AND(ISNUMBER(G12),ISNUMBER(C12)),G12-C12,"") -> -0.2954 | Q12: =IF(AND(ISNUMBER(H12),ISNUMBER(D12)),H12-D12,"") -> 0 | R12: =IF(M12="","",IF(M12<1,1,0)) -> 1 | S12: =IF(AND(ISNUMBER(J12),ISNUMBER(L12),L12>0),J12/L12,"") -> 0.88681559
A13: 1098996 | B13: Windows | C13: 45.7954 | D13: -32.6496 | E13: 43.1855 | F13: -32.6496 | G13: 45.5 | H13: -32.6496 | J13: =IFERROR(SQRT((F13-H13)^2+(E13-G13)^2),"") -> 2.3145 | K13: =IFERROR(SQRT((D13-H13)^2+(C13-G13)^2),"") -> 0.2954 | L13: =IFERROR(SQRT((D13-F13)^2+(C13-E13)^2),"") -> 2.6099 | M13: =IF(AND(AND(ISNUMBER(E13),ISNUMBER(F13)),ISNUMBER(L13),L13>0),K13/L13,"") -> 0.11318441 | N13: =IF(AND(AND(ISNUMBER(E13),ISNUMBER(F13)),ISNUMBER(L13),L13>0),(L13-K13)/L13,"") -> 0.88681559 | O13: =IFERROR(IF(AND(AND(ISNUMBER(E13),ISNUMBER(F13)),SQRT((G13-E13)^2+(H13-F13)^2)>0,SQRT((C13-E13)^2+(D13-F13)^2)>0),((G13-E13)*(C13-E13)+(H13-F13)*(D13-F13))/(SQRT((G13-E13)^2+(H13-F13)^2)*SQRT((C13-E13)^2+(D13-F13)^2)),""),"") -> 1 | P13: =IF(AND(ISNUMBER(G13),ISNUMBER(C13)),G13-C13,"") -> -0.2954 | Q13: =IF(AND(ISNUMBER(H13),ISNUMBER(D13)),H13-D13,"") -> 0 | R13: =IF(M13="","",IF(M13<1,1,0)) -> 1 | S13: =IF(AND(ISNUMBER(J13),ISNUMBER(L13),L13>0),J13/L13,"") -> 0.88681559
... A20: 1098974 | B20: Room Tags | C20: 25.375 | D20: -1.9375 | E20: 25.5299 | F20: 1.3642 | G20: 25.0482 | H20: 0.7805 | J20: =IFERROR(SQRT((F20-H20)^2+(E20-G20)^2),"") -> 0.75679626 | K20: =IFERROR(SQRT((D20-H20)^2+(C20-G20)^2),"") -> 2.737576 | L20: =IFERROR(SQRT((D20-F20)^2+(C20-E20)^2),"") -> 3.3053316 | M20: =IF(AND(AND(ISNUMBER(E20),ISNUMBER(F20)),ISNUMBER(L20),L20>0),K20/L20,"") -> 0.82823036 | N20: =IF(AND(AND(ISNUMBER(E20),ISNUMBER(F20)),ISNUMBER(L20),L20>0),(L20-K20)/L20,"") -> 0.17176964 | O20: =IFERROR(IF(AND(AND(ISNUMBER(E20),ISNUMBER(F20)),SQRT((G20-E20)^2+(H20-F20)^2)>0,SQRT((C20-E20)^2+(D20-F20)^2)>0),((G20-E20)*(C20-E20)+(H20-F20)*(D20-F20))/(SQRT((G20-E20)^2+(H20-F20)^2)*SQRT((C20-E20)^2+(D20-F20)^2)),""),"") -> 0.80025887 | P20: =IF(AND(ISNUMBER(G20),ISNUMBER(C20)),G20-C20,"") -> -0.3268 | Q20: =IF(AND(ISNUMBER(H20),ISNUMBER(D20)),H20-D20,"") -> 2.718 | R20: =IF(M20="","",IF(M20<1,1,0)) -> 1 | S20: =IF(AND(ISNUMBER(J20),ISNUMBER(L20),L20>0),J20/L20,"") -> 0.22896228
B22: Quantity | J22: Dist_From_Centre | K22: Dist_From_Optimal | L22: Optimal_Dist_From_Centre
A23: All Tags | B23: =SUM(B24:B28) -> 19 | I23: All Tags | J23: =_xlfn.AGGREGATE(1,6,J2:J20) -> 2.2605766 | K23: =_xlfn.AGGREGATE(1,6,K2:K20) -> 2.1132811 | L23: =_xlfn.AGGREGATE(1,6,L2:L20) -> 2.8831591
A24: Door Tags | B24: =COUNTIF(B2:B20,"Doors") -> 5 | I24: Door Tags | J24: =_xlfn.AGGREGATE(1,6,J2:J6) -> 1.1438672 | K24: =_xlfn.AGGREGATE(1,6,K2:K6) -> 2.0719798 | L24: =_xlfn.AGGREGATE(1,6,L2:L6) -> 2.1153177
A25: Windows | B25: =COUNTIF(B2:B20,"Windows") -> 8 | I25: Window Tags | J25: =_xlfn.AGGREGATE(1,6,J7:J14) -> 2.3261 | K25: =_xlfn.AGGREGATE(1,6,K7:K14) -> 0.29685 | L25: =_xlfn.AGGREGATE(1,6,L7:L14) -> 2.62295
A26: Wall Tags | B26: =COUNTIF(B2:B20,"Walls") -> 0 | I26: Wall Tags | J26: N/A | K26: N/A | L26: N/A
A27: Room Tags | B27: =COUNTIF(B2:B20,"Room Tags") -> 6 | I27: Room Tags | J27: =_xlfn.AGGREGATE(1,6,J15:J20) -> 3.1038033 | K27: =_xlfn.AGGREGATE(1,6,K15:K20) -> 4.569607 | L27: =_xlfn.AGGREGATE(1,6,L15:L20) -> 3.8699726
A28: Stairs Tags | B28: =COUNTIF(B2:B20,"Stairs") -> 0
J30: Median
J31: Dist_From_Centre | K31: Dist_From_Optimal | L31: Optimal_Dist_From_Centre
I32: All Tags | J32: =_xlfn.AGGREGATE(12,6,J2:J20) -> 2.3145 | K32: =_xlfn.AGGREGATE(12,6,K2:K20) -> 1.1814 | L32: =_xlfn.AGGREGATE(12,6,L2:L20) -> 2.636
I33: Door Tags | J33: =_xlfn.AGGREGATE(12,6,J2:J6) -> 0.775 | K33: =_xlfn.AGGREGATE(12,6,K2:K6) -> 2.2461 | L33: =_xlfn.AGGREGATE(12,6,L2:L6) -> 1.9564
I34: Window Tags | J34: =_xlfn.AGGREGATE(12,6,J7:J14) -> 2.3261 | K34: =_xlfn.AGGREGATE(12,6,K7:K14) -> 0.29685 | L34: =_xlfn.AGGREGATE(12,6,L7:L14) -> 2.62295
I35: Wall Tags | J35: N/A | K35: N/A | L35: N/A
I36: Room Tags | J36: =_xlfn.AGGREGATE(12,6,J15:J20) -> 1.7895542 | K36: =_xlfn.AGGREGATE(12,6,K15:K20) -> 3.303174 | L36: =_xlfn.AGGREGATE(12,6,L15:L20) -> 3.3102764
I39: PERFORMANCE METRICS | M39: Win rate = % of tags beating the do-nothing baseline. Gross failures: Dist_From_Optimal > 15.0 ft.
I40: Category | J40: Quantity | K40: Win Rate | L40: Mean Error Reduction | M40: Mean Cosine Similarity | N40: RMSE (Dist_From_Optimal) | O40: Std Dev (Dist_From_Optimal) | P40: 90th pct (Dist_From_Optimal) | Q40: 95th pct (Dist_From_Optimal) | R40: Gross Failures | S40: Solver vs Human (dist from input) | T40: % Tags Further Than Human
I41: All Tags | J41: =COUNTA($B$2:$B$20) -> 19 | K41: =IF(COUNT($M$2:$M$20)=0,"N/A",COUNTIF($R$2:$R$20,1)/COUNT($M$2:$M$20)) -> 0.73684211 | L41: {=IF(COUNT($N$2:$N$20)=0,"N/A",AVERAGE($N$2:$N$20))} -> 0.22216083 | M41: {=IF(COUNT($O$2:$O$20)=0,"N/A",AVERAGE($O$2:$O$20))} -> 0.62266302 | N41: {=IF(COUNT($K$2:$K$20)=0,"N/A",SQRT(SUMPRODUCT(ISNUMBER($K$2:$K$20)*(IF(ISNUMBER($K$2:$K$20),$K$2:$K$20,0))^2)/COUNT($K$2:$K$20)))} -> 3.1628276 | O41: =IF(COUNT($K$2:$K$20)<2,"N/A",_xlfn.STDEV.S($K$2:$K$20)) -> 2.4176769 | P41: =IF(COUNT($K$2:$K$20)=0,"N/A",_xlfn.PERCENTILE.INC($K$2:$K$20,0.9)) -> 3.983978 | Q41: =IF(COUNT($K$2:$K$20)=0,"N/A",_xlfn.PERCENTILE.INC($K$2:$K$20,0.95)) -> 5.886174 | R41: =COUNTIF($K$2:$K$20,">15") -> 0 | S41: =IF(COUNT($S$2:$S$20)=0,"N/A",AVERAGE($S$2:$S$20)) -> 0.85778937 | T41: =IF(COUNT($S$2:$S$20)=0,"N/A",COUNTIF($S$2:$S$20,">1")/COUNT($S$2:$S$20)) -> 0.15789474
I42: Door Tags | J42: =COUNTIF($B$2:$B$20,"Doors") -> 5 | K42: =IF(SUMPRODUCT(($B$2:$B$20="Doors")*ISNUMBER($M$2:$M$20))=0,"N/A",SUMPRODUCT(($B$2:$B$20="Doors")*($R$2:$R$20=1))/SUMPRODUCT(($B$2:$B$20="Doors")*ISNUMBER($M$2:$M$20))) -> 0.6 | L42: {=IF(SUMPRODUCT(($B$2:$B$20="Doors")*ISNUMBER($N$2:$N$20))=0,"N/A",SUMPRODUCT(($B$2:$B$20="Doors")*ISNUMBER($N$2:$N$20)*(IF(ISNUMBER($N$2:$N$20),$N$2:$N$20,0)))/SUMPRODUCT(($B$2:$B$20="Doors")*ISNUMBER($N$2:$N$20)))} -> -0.17115613 | M42: {=IF(SUMPRODUCT(($B$2:$B$20="Doors")*ISNUMBER($O$2:$O$20))=0,"N/A",SUMPRODUCT(($B$2:$B$20="Doors")*ISNUMBER($O$2:$O$20)*(IF(ISNUMBER($O$2:$O$20),$O$2:$O$20,0)))/SUMPRODUCT(($B$2:$B$20="Doors")*ISNUMBER($O$2:$O$20)))} -> 0.18728089 | N42: {=IF(SUMPRODUCT(($B$2:$B$20="Doors")*ISNUMBER($K$2:$K$20))=0,"N/A",SQRT(SUMPRODUCT(($B$2:$B$20="Doors")*ISNUMBER($K$2:$K$20)*(IF(ISNUMBER($K$2:$K$20),$K$2:$K$20,0))^2)/SUMPRODUCT(($B$2:$B$20="Doors")*ISNUMBER($K$2:$K$20))))} -> 2.2195475 | O42: {=IFERROR(IF(SUMPRODUCT(($B$2:$B$20="Doors")*ISNUMBER($K$2:$K$20))<2,"N/A",_xlfn.STDEV.S(IF($B$2:$B$20="Doors",$K$2:$K$20))),"N/A")} -> 0.88972664 | P42: {=IFERROR(_xlfn.PERCENTILE.INC(IF(($B$2:$B$20="Doors")*ISNUMBER($K$2:$K$20),$K$2:$K$20),0.9),"N/A")} -> 2.9474138 | Q42: {=IFERROR(_xlfn.PERCENTILE.INC(IF(($B$2:$B$20="Doors")*ISNUMBER($K$2:$K$20),$K$2:$K$20),0.95),"N/A")} -> 3.0912425 | R42: =COUNTIFS($B$2:$B$20,"Doors",$K$2:$K$20,">15") -> 0 | S42: {=IF(SUMPRODUCT(($B$2:$B$20="Doors")*ISNUMBER($S$2:$S$20))=0,"N/A",SUMPRODUCT(($B$2:$B$20="Doors")*ISNUMBER($S$2:$S$20)*(IF(ISNUMBER($S$2:$S$20),$S$2:$S$20,0)))/SUMPRODUCT(($B$2:$B$20="Doors")*ISNUMBER($S$2:$S$20)))} -> 0.64422812 | T42: {=IF(SUMPRODUCT(($B$2:$B$20="Doors")*ISNUMBER($S$2:$S$20))=0,"N/A",SUMPRODUCT(($B$2:$B$20="Doors")*ISNUMBER($S$2:$S$20)*(IF(ISNUMBER($S$2:$S$20),$S$2:$S$20,0)>1))/SUMPRODUCT(($B$2:$B$20="Doors")*ISNUMBER($S$2:$S$20)))} -> 0.2
I43: Window Tags | J43: =COUNTIF($B$2:$B$20,"Windows") -> 8 | K43: =IF(SUMPRODUCT(($B$2:$B$20="Windows")*ISNUMBER($M$2:$M$20))=0,"N/A",SUMPRODUCT(($B$2:$B$20="Windows")*($R$2:$R$20=1))/SUMPRODUCT(($B$2:$B$20="Windows")*ISNUMBER($M$2:$M$20))) -> 1 | L43: {=IF(SUMPRODUCT(($B$2:$B$20="Windows")*ISNUMBER($N$2:$N$20))=0,"N/A",SUMPRODUCT(($B$2:$B$20="Windows")*ISNUMBER($N$2:$N$20)*(IF(ISNUMBER($N$2:$N$20),$N$2:$N$20,0)))/SUMPRODUCT(($B$2:$B$20="Windows")*ISNUMBER($N$2:$N$20)))} -> 0.88682585 | M43: {=IF(SUMPRODUCT(($B$2:$B$20="Windows")*ISNUMBER($O$2:$O$20))=0,"N/A",SUMPRODUCT(($B$2:$B$20="Windows")*ISNUMBER($O$2:$O$20)*(IF(ISNUMBER($O$2:$O$20),$O$2:$O$20,0)))/SUMPRODUCT(($B$2:$B$20="Windows")*ISNUMBER($O$2:$O$20)))} -> 1 | N43: {=IF(SUMPRODUCT(($B$2:$B$20="Windows")*ISNUMBER($K$2:$K$20))=0,"N/A",SQRT(SUMPRODUCT(($B$2:$B$20="Windows")*ISNUMBER($K$2:$K$20)*(IF(ISNUMBER($K$2:$K$20),$K$2:$K$20,0))^2)/SUMPRODUCT(($B$2:$B$20="Windows")*ISNUMBER($K$2:$K$20))))} -> 0.29685354 | O43: {=IFERROR(IF(SUMPRODUCT(($B$2:$B$20="Windows")*ISNUMBER($K$2:$K$20))<2,"N/A",_xlfn.STDEV.S(IF($B$2:$B$20="Windows",$K$2:$K$20))),"N/A")} -> 0.0015501152 | P43: {=IFERROR(_xlfn.PERCENTILE.INC(IF(($B$2:$B$20="Windows")*ISNUMBER($K$2:$K$20),$K$2:$K$20),0.9),"N/A")} -> 0.2983 | Q43: {=IFERROR(_xlfn.PERCENTILE.INC(IF(($B$2:$B$20="Windows")*ISNUMBER($K$2:$K$20),$K$2:$K$20),0.95),"N/A")} -> 0.2983 | R43: =COUNTIFS($B$2:$B$20,"Windows",$K$2:$K$20,">15") -> 0 | S43: {=IF(SUMPRODUCT(($B$2:$B$20="Windows")*ISNUMBER($S$2:$S$20))=0,"N/A",SUMPRODUCT(($B$2:$B$20="Windows")*ISNUMBER($S$2:$S$20)*(IF(ISNUMBER($S$2:$S$20),$S$2:$S$20,0)))/SUMPRODUCT(($B$2:$B$20="Windows")*ISNUMBER($S$2:$S$20)))} -> 0.88682585 | T43: {=IF(SUMPRODUCT(($B$2:$B$20="Windows")*ISNUMBER($S$2:$S$20))=0,"N/A",SUMPRODUCT(($B$2:$B$20="Windows")*ISNUMBER($S$2:$S$20)*(IF(ISNUMBER($S$2:$S$20),$S$2:$S$20,0)>1))/SUMPRODUCT(($B$2:$B$20="Windows")*ISNUMBER($S$2:$S$20)))} -> 0
I44: Room Tags | J44: =COUNTIF($B$2:$B$20,"Room Tags") -> 6 | K44: =IF(SUMPRODUCT(($B$2:$B$20="Room Tags")*ISNUMBER($M$2:$M$20))=0,"N/A",SUMPRODUCT(($B$2:$B$20="Room Tags")*($R$2:$R$20=1))/SUMPRODUCT(($B$2:$B$20="Room Tags")*ISNUMBER($M$2:$M$20))) -> 0.5 | L44: {=IF(SUMPRODUCT(($B$2:$B$20="Room Tags")*ISNUMBER($N$2:$N$20))=0,"N/A",SUMPRODUCT(($B$2:$B$20="Room Tags")*ISNUMBER($N$2:$N$20)*(IF(ISNUMBER($N$2:$N$20),$N$2:$N$20,0)))/SUMPRODUCT(($B$2:$B$20="Room Tags")*ISNUMBER($N$2:$N$20)))} -> -0.33629507 | M44: {=IF(SUMPRODUCT(($B$2:$B$20="Room Tags")*ISNUMBER($O$2:$O$20))=0,"N/A",SUMPRODUCT(($B$2:$B$20="Room Tags")*ISNUMBER($O$2:$O$20)*(IF(ISNUMBER($O$2:$O$20),$O$2:$O$20,0)))/SUMPRODUCT(($B$2:$B$20="Room Tags")*ISNUMBER($O$2:$O$20)))} -> 0.48236549 | N44: {=IF(SUMPRODUCT(($B$2:$B$20="Room Tags")*ISNUMBER($K$2:$K$20))=0,"N/A",SQRT(SUMPRODUCT(($B$2:$B$20="Room Tags")*ISNUMBER($K$2:$K$20)*(IF(ISNUMBER($K$2:$K$20),$K$2:$K$20,0))^2)/SUMPRODUCT(($B$2:$B$20="Room Tags")*ISNUMBER($K$2:$K$20))))} -> 5.2397385 | O44: {=IFERROR(IF(SUMPRODUCT(($B$2:$B$20="Room Tags")*ISNUMBER($K$2:$K$20))<2,"N/A",_xlfn.STDEV.S(IF($B$2:$B$20="Room Tags",$K$2:$K$20))),"N/A")} -> 2.808605 | P44: {=IFERROR(_xlfn.PERCENTILE.INC(IF(($B$2:$B$20="Room Tags")*ISNUMBER($K$2:$K$20),$K$2:$K$20),0.9),"N/A")} -> 7.67443 | Q44: {=IFERROR(_xlfn.PERCENTILE.INC(IF(($B$2:$B$20="Room Tags")*ISNUMBER($K$2:$K$20),$K$2:$K$20),0.95),"N/A")} -> 8.79209 | R44: =COUNTIFS($B$2:$B$20,"Room Tags",$K$2:$K$20,">15") -> 0 | S44: {=IF(SUMPRODUCT(($B$2:$B$20="Room Tags")*ISNUMBER($S$2:$S$20))=0,"N/A",SUMPRODUCT(($B$2:$B$20="Room Tags")*ISNUMBER($S$2:$S$20)*(IF(ISNUMBER($S$2:$S$20),$S$2:$S$20,0)))/SUMPRODUCT(($B$2:$B$20="Room Tags")*ISNUMBER($S$2:$S$20)))} -> 0.99704177 | T44: {=IF(SUMPRODUCT(($B$2:$B$20="Room Tags")*ISNUMBER($S$2:$S$20))=0,"N/A",SUMPRODUCT(($B$2:$B$20="Room Tags")*ISNUMBER($S$2:$S$20)*(IF(ISNUMBER($S$2:$S$20),$S$2:$S$20,0)>1))/SUMPRODUCT(($B$2:$B$20="Room Tags")*ISNUMBER($S$2:$S$20)))} -> 0.33333333

Sheet Basic L2
A1: TagId | B1: TaggedCategory | C1: Optimal_X | D1: Optimal_Y | E1: Input_X | F1: Input_Y | G1: Output_X | H1: Output_Y | J1: Dist_From_Centre | K1: Dist_From_Optimal | L1: Optimal_Dist_From_Centre | M1: Improvement_Ratio | N1: Error_Reduction_Pct | O1: Move_Cosine_Similarity | P1: Error_DX | Q1: Error_DY | R1: Beat_Baseline | S1: Solver_vs_Human_InputDist
A2: 1099020 | B2: Doors | C2: -19.4962 | D2: 6.6082 | E2: -17.388 | F2: 6.6877 | G2: -17.388 | H2: 6.6877 | J2: =IFERROR(SQRT((F2-H2)^2+(E2-G2)^2),"") -> 0 | K2: =IFERROR(SQRT((D2-H2)^2+(C2-G2)^2),"") -> 2.1096984 | L2: =IFERROR(SQRT((D2-F2)^2+(C2-E2)^2),"") -> 2.1096984 | M2: =IF(AND(AND(ISNUMBER(E2),ISNUMBER(F2)),ISNUMBER(L2),L2>0),K2/L2,"") -> 1 | N2: =IF(AND(AND(ISNUMBER(E2),ISNUMBER(F2)),ISNUMBER(L2),L2>0),(L2-K2)/L2,"") -> 0 | O2: =IFERROR(IF(AND(AND(ISNUMBER(E2),ISNUMBER(F2)),SQRT((G2-E2)^2+(H2-F2)^2)>0,SQRT((C2-E2)^2+(D2-F2)^2)>0),((G2-E2)*(C2-E2)+(H2-F2)*(D2-F2))/(SQRT((G2-E2)^2+(H2-F2)^2)*SQRT((C2-E2)^2+(D2-F2)^2)),""),"") | P2: =IF(AND(ISNUMBER(G2),ISNUMBER(C2)),G2-C2,"") -> 2.1082 | Q2: =IF(AND(ISNUMBER(H2),ISNUMBER(D2)),H2-D2,"") -> 0.0795 | R2: =IF(M2="","",IF(M2<1,1,0)) -> 0 | S2: =IF(AND(ISNUMBER(J2),ISNUMBER(L2),L2>0),J2/L2,"") -> 0
A3: 1099021 | B3: Doors | C3: 3.484 | D3: 7.5407 | E3: 3.484 | F3: 7.5407 | G3: 2.2207 | H3: 7.5407 | J3: =IFERROR(SQRT((F3-H3)^2+(E3-G3)^2),"") -> 1.2633 | K3: =IFERROR(SQRT((D3-H3)^2+(C3-G3)^2),"") -> 1.2633 | L3: =IFERROR(SQRT((D3-F3)^2+(C3-E3)^2),"") -> 0 | M3: =IF(AND(AND(ISNUMBER(E3),ISNUMBER(F3)),ISNUMBER(L3),L3>0),K3/L3,"") | N3: =IF(AND(AND(ISNUMBER(E3),ISNUMBER(F3)),ISNUMBER(L3),L3>0),(L3-K3)/L3,"") | O3: =IFERROR(IF(AND(AND(ISNUMBER(E3),ISNUMBER(F3)),SQRT((G3-E3)^2+(H3-F3)^2)>0,SQRT((C3-E3)^2+(D3-F3)^2)>0),((G3-E3)*(C3-E3)+(H3-F3)*(D3-F3))/(SQRT((G3-E3)^2+(H3-F3)^2)*SQRT((C3-E3)^2+(D3-F3)^2)),""),"") | P3: =IF(AND(ISNUMBER(G3),ISNUMBER(C3)),G3-C3,"") -> -1.2633 | Q3: =IF(AND(ISNUMBER(H3),ISNUMBER(D3)),H3-D3,"") -> 0 | R3: =IF(M3="","",IF(M3<1,1,0)) | S3: =IF(AND(ISNUMBER(J3),ISNUMBER(L3),L3>0),J3/L3,"")
A4: 1099022 | B4: Doors | C4: 5.3836 | D4: 4.4567 | E4: 5.3836 | F4: 4.4567 | G4: 5.3836 | H4: 3.1934 | J4: =IFERROR(SQRT((F4-H4)^2+(E4-G4)^2),"") -> 1.2633 | K4: =IFERROR(SQRT((D4-H4)^2+(C4-G4)^2),"") -> 1.2633 | L4: =IFERROR(SQRT((D4-F4)^2+(C4-E4)^2),"") -> 0 | M4: =IF(AND(AND(ISNUMBER(E4),ISNUMBER(F4)),ISNUMBER(L4),L4>0),K4/L4,"") | N4: =IF(AND(AND(ISNUMBER(E4),ISNUMBER(F4)),ISNUMBER(L4),L4>0),(L4-K4)/L4,"") | O4: =IFERROR(IF(AND(AND(ISNUMBER(E4),ISNUMBER(F4)),SQRT((G4-E4)^2+(H4-F4)^2)>0,SQRT((C4-E4)^2+(D4-F4)^2)>0),((G4-E4)*(C4-E4)+(H4-F4)*(D4-F4))/(SQRT((G4-E4)^2+(H4-F4)^2)*SQRT((C4-E4)^2+(D4-F4)^2)),""),"") | P4: =IF(AND(ISNUMBER(G4),ISNUMBER(C4)),G4-C4,"") -> 0 | Q4: =IF(AND(ISNUMBER(H4),ISNUMBER(D4)),H4-D4,"") -> -1.2633 | R4: =IF(M4="","",IF(M4<1,1,0)) | S4: =IF(AND(ISNUMBER(J4),ISNUMBER(L4),L4>0),J4/L4,"")
A5: 1099023 | B5: Doors | C5: -4.5212 | D5: -6.984 | E5: -4.5212 | F5: -5.1069 | G5: -4.8701 | H5: -5.1069 | J5: =IFERROR(SQRT((F5-H5)^2+(E5-G5)^2),"") -> 0.3489 | K5: =IFERROR(SQRT((D5-H5)^2+(C5-G5)^2),"") -> 1.90925 | L5: =IFERROR(SQRT((D5-F5)^2+(C5-E5)^2),"") -> 1.8771 | M5: =IF(AND(AND(ISNUMBER(E5),ISNUMBER(F5)),ISNUMBER(L5),L5>0),K5/L5,"") -> 1.0171275 | N5: =IF(AND(AND(ISNUMBER(E5),ISNUMBER(F5)),ISNUMBER(L5),L5>0),(L5-K5)/L5,"") -> -0.017127492 | O5: =IFERROR(IF(AND(AND(ISNUMBER(E5),ISNUMBER(F5)),SQRT((G5-E5)^2+(H5-F5)^2)>0,SQRT((C5-E5)^2+(D5-F5)^2)>0),((G5-E5)*(C5-E5)+(H5-F5)*(D5-F5))/(SQRT((G5-E5)^2+(H5-F5)^2)*SQRT((C5-E5)^2+(D5-F5)^2)),""),"") -> 0 | P5: =IF(AND(ISNUMBER(G5),ISNUMBER(C5)),G5-C5,"") -> -0.3489 | Q5: =IF(AND(ISNUMBER(H5),ISNUMBER(D5)),H5-D5,"") -> 1.8771 | R5: =IF(M5="","",IF(M5<1,1,0)) -> 0 | S5: =IF(AND(ISNUMBER(J5),ISNUMBER(L5),L5>0),J5/L5,"") -> 0.18587182
A6: 1099024 | B6: Doors | C6: 14.1468 | D6: 5.9585 | E6: 14.0483 | F6: 4.4567 | G6: 14.0483 | H6: 4.1078 | J6: =IFERROR(SQRT((F6-H6)^2+(E6-G6)^2),"") -> 0.3489 | K6: =IFERROR(SQRT((D6-H6)^2+(C6-G6)^2),"") -> 1.8533194 | L6: =IFERROR(SQRT((D6-F6)^2+(C6-E6)^2),"") -> 1.5050267 | M6: =IF(AND(AND(ISNUMBER(E6),ISNUMBER(F6)),ISNUMBER(L6),L6>0),K6/L6,"") -> 1.2314196 | N6: =IF(AND(AND(ISNUMBER(E6),ISNUMBER(F6)),ISNUMBER(L6),L6>0),(L6-K6)/L6,"") -> -0.23141957 | O6: =IFERROR(IF(AND(AND(ISNUMBER(E6),ISNUMBER(F6)),SQRT((G6-E6)^2+(H6-F6)^2)>0,SQRT((C6-E6)^2+(D6-F6)^2)>0),((G6-E6)*(C6-E6)+(H6-F6)*(D6-F6))/(SQRT((G6-E6)^2+(H6-F6)^2)*SQRT((C6-E6)^2+(D6-F6)^2)),""),"") -> -0.99785602 | P6: =IF(AND(ISNUMBER(G6),ISNUMBER(C6)),G6-C6,"") -> -0.0985 | Q6: =IF(AND(ISNUMBER(H6),ISNUMBER(D6)),H6-D6,"") -> -1.8507 | R6: =IF(M6="","",IF(M6<1,1,0)) -> 0 | S6: =IF(AND(ISNUMBER(J6),ISNUMBER(L6),L6>0),J6/L6,"") -> 0.23182312
A7: 1099025 | B7: Doors | C7: 13.5234 | D7: 0.4541 | E7: 13.5234 | F7: 0.4541 | G7: 14.7867 | H7: 0.4541 | J7: =IFERROR(SQRT((F7-H7)^2+(E7-G7)^2),"") -> 1.2633 | K7: =IFERROR(SQRT((D7-H7)^2+(C7-G7)^2),"") -> 1.2633 | L7: =IFERROR(SQRT((D7-F7)^2+(C7-E7)^2),"") -> 0 | M7: =IF(AND(AND(ISNUMBER(E7),ISNUMBER(F7)),ISNUMBER(L7),L7>0),K7/L7,"") | N7: =IF(AND(AND(ISNUMBER(E7),ISNUMBER(F7)),ISNUMBER(L7),L7>0),(L7-K7)/L7,"") | O7: =IFERROR(IF(AND(AND(ISNUMBER(E7),ISNUMBER(F7)),SQRT((G7-E7)^2+(H7-F7)^2)>0,SQRT((C7-E7)^2+(D7-F7)^2)>0),((G7-E7)*(C7-E7)+(H7-F7)*(D7-F7))/(SQRT((G7-E7)^2+(H7-F7)^2)*SQRT((C7-E7)^2+(D7-F7)^2)),""),"") | P7: =IF(AND(ISNUMBER(G7),ISNUMBER(C7)),G7-C7,"") -> 1.2633 | Q7: =IF(AND(ISNUMBER(H7),ISNUMBER(D7)),H7-D7,"") -> 0 | R7: =IF(M7="","",IF(M7<1,1,0)) | S7: =IF(AND(ISNUMBER(J7),ISNUMBER(L7),L7>0),J7/L7,"")
A8: 1099026 | B8: Doors | C8: 22.9722 | D8: -8.8635 | E8: 22.9722 | F8: -8.8635 | G8: 21.7089 | H8: -9.4383 | J8: =IFERROR(SQRT((F8-H8)^2+(E8-G8)^2),"") -> 1.38792 | K8: =IFERROR(SQRT((D8-H8)^2+(C8-G8)^2),"") -> 1.38792 | L8: =IFERROR(SQRT((D8-F8)^2+(C8-E8)^2),"") -> 0 | M8: =IF(AND(AND(ISNUMBER(E8),ISNUMBER(F8)),ISNUMBER(L8),L8>0),K8/L8,"") | N8: =IF(AND(AND(ISNUMBER(E8),ISNUMBER(F8)),ISNUMBER(L8),L8>0),(L8-K8)/L8,"") | O8: =IFERROR(IF(AND(AND(ISNUMBER(E8),ISNUMBER(F8)),SQRT((G8-E8)^2+(H8-F8)^2)>0,SQRT((C8-E8)^2+(D8-F8)^2)>0),((G8-E8)*(C8-E8)+(H8-F8)*(D8-F8))/(SQRT((G8-E8)^2+(H8-F8)^2)*SQRT((C8-E8)^2+(D8-F8)^2)),""),"") | P8: =IF(AND(ISNUMBER(G8),ISNUMBER(C8)),G8-C8,"") -> -1.2633 | Q8: =IF(AND(ISNUMBER(H8),ISNUMBER(D8)),H8-D8,"") -> -0.5748 | R8: =IF(M8="","",IF(M8<1,1,0)) | S8: =IF(AND(ISNUMBER(J8),ISNUMBER(L8),L8>0),J8/L8,"")
A9: 1099027 | B9: Doors | C9: 30.843 | D9: 4.4567 | E9: 30.843 | F9: 4.4567 | G9: 30.843 | H9: 3.1934 | J9: =IFERROR(SQRT((F9-H9)^2+(E9-G9)^2),"") -> 1.2633 | K9: =IFERROR(SQRT((D9-H9)^2+(C9-G9)^2),"") -> 1.2633 | L9: =IFERROR(SQRT((D9-F9)^2+(C9-E9)^2),"") -> 0 | M9: =IF(AND(AND(ISNUMBER(E9),ISNUMBER(F9)),ISNUMBER(L9),L9>0),K9/L9,"") | N9: =IF(AND(AND(ISNUMBER(E9),ISNUMBER(F9)),ISNUMBER(L9),L9>0),(L9-K9)/L9,"") | O9: =IFERROR(IF(AND(AND(ISNUMBER(E9),ISNUMBER(F9)),SQRT((G9-E9)^2+(H9-F9)^2)>0,SQRT((C9-E9)^2+(D9-F9)^2)>0),((G9-E9)*(C9-E9)+(H9-F9)*(D9-F9))/(SQRT((G9-E9)^2+(H9-F9)^2)*SQRT((C9-E9)^2+(D9-F9)^2)),""),"") | P9: =IF(AND(ISNUMBER(G9),ISNUMBER(C9)),G9-C9,"") -> 0 | Q9: =IF(AND(ISNUMBER(H9),ISNUMBER(D9)),H9-D9,"") -> -1.2633 | R9: =IF(M9="","",IF(M9<1,1,0)) | S9: =IF(AND(ISNUMBER(J9),ISNUMBER(L9),L9>0),J9/L9,"")
A10: 1099028 | B10: Doors | C10: 35.505 | D10: 11.1741 | E10: 35.505 | F10: 10.7231 | G10: 35.505 | H10: 12.0853 | J10: =IFERROR(SQRT((F10-H10)^2+(E10-G10)^2),"") -> 1.3622 | K10: =IFERROR(SQRT((D10-H10)^2+(C10-G10)^2),"") -> 0.9112 | L10: =IFERROR(SQRT((D10-F10)^2+(C10-E10)^2),"") -> 0.451 | M10: =IF(AND(AND(ISNUMBER(E10),ISNUMBER(F10)),ISNUMBER(L10),L10>0),K10/L10,"") -> 2.0203991 | N10: =IF(AND(AND(ISNUMBER(E10),ISNUMBER(F10)),ISNUMBER(L10),L10>0),(L10-K10)/L10,"") -> -1.0203991 | O10: =IFERROR(IF(AND(AND(ISNUMBER(E10),ISNUMBER(F10)),SQRT((G10-E10)^2+(H10-F10)^2)>0,SQRT((C10-E10)^2+(D10-F10)^2)>0),((G10-E10)*(C10-E10)+(H10-F10)*(D10-F10))/(SQRT((G10-E10)^2+(H10-F10)^2)*SQRT((C10-E10)^2+(D10-F10)^2)),""),"") -> 1 | P10: =IF(AND(ISNUMBER(G10),ISNUMBER(C10)),G10-C10,"") -> 0 | Q10: =IF(AND(ISNUMBER(H10),ISNUMBER(D10)),H10-D10,"") -> 0.9112 | R10: =IF(M10="","",IF(M10<1,1,0)) -> 0 | S10: =IF(AND(ISNUMBER(J10),ISNUMBER(L10),L10>0),J10/L10,"") -> 3.0203991
A11: 1099029 | B11: Doors | C11: 35.6395 | D11: -12.293 | E11: 35.6395 | F11: -12.0951 | G11: 35.6395 | H11: -10.7329 | J11: =IFERROR(SQRT((F11-H11)^2+(E11-G11)^2),"") -> 1.3622 | K11: =IFERROR(SQRT((D11-H11)^2+(C11-G11)^2),"") -> 1.5601 | L11: =IFERROR(SQRT((D11-F11)^2+(C11-E11)^2),"") -> 0.1979 | M11: =IF(AND(AND(ISNUMBER(E11),ISNUMBER(F11)),ISNUMBER(L11),L11>0),K11/L11,"") -> 7.8832744 | N11: =IF(AND(AND(ISNUMBER(E11),ISNUMBER(F11)),ISNUMBER(L11),L11>0),(L11-K11)/L11,"") -> -6.8832744 | O11: =IFERROR(IF(AND(AND(ISNUMBER(E11),ISNUMBER(F11)),SQRT((G11-E11)^2+(H11-F11)^2)>0,SQRT((C11-E11)^2+(D11-F11)^2)>0),((G11-E11)*(C11-E11)+(H11-F11)*(D11-F11))/(SQRT((G11-E11)^2+(H11-F11)^2)*SQRT((C11-E11)^2+(D11-F11)^2)),""),"") -> -1 | P11: =IF(AND(ISNUMBER(G11),ISNUMBER(C11)),G11-C11,"") -> 0 | Q11: =IF(AND(ISNUMBER(H11),ISNUMBER(D11)),H11-D11,"") -> 1.5601 | R11: =IF(M11="","",IF(M11<1,1,0)) -> 0 | S11: =IF(AND(ISNUMBER(J11),ISNUMBER(L11),L11>0),J11/L11,"") -> 6.8832744
A12: 1099030 | B12: Doors | C12: 20.7084 | D12: 5.9585 | E12: 21.1838 | F12: 4.4567 | G12: 21.1838 | H12: 4.1078 | J12: =IFERROR(SQRT((F12-H12)^2+(E12-G12)^2),"") -> 0.3489 | K12: =IFERROR(SQRT((D12-H12)^2+(C12-G12)^2),"") -> 1.910784 | L12: =IFERROR(SQRT((D12-F12)^2+(C12-E12)^2),"") -> 1.5752487 | M12: =IF(AND(AND(ISNUMBER(E12),ISNUMBER(F12)),ISNUMBER(L12),L12>0),K12/L12,"") -> 1.2130047 | N12: =IF(AND(AND(ISNUMBER(E12),ISNUMBER(F12)),ISNUMBER(L12),L12>0),(L12-K12)/L12,"") -> -0.21300469 | O12: =IFERROR(IF(AND(AND(ISNUMBER(E12),ISNUMBER(F12)),SQRT((G12-E12)^2+(H12-F12)^2)>0,SQRT((C12-E12)^2+(D12-F12)^2)>0),((G12-E12)*(C12-E12)+(H12-F12)*(D12-F12))/(SQRT((G12-E12)^2+(H12-F12)^2)*SQRT((C12-E12)^2+(D12-F12)^2)),""),"") -> -0.95337328 | P12: =IF(AND(ISNUMBER(G12),ISNUMBER(C12)),G12-C12,"") -> 0.4754 | Q12: =IF(AND(ISNUMBER(H12),ISNUMBER(D12)),H12-D12,"") -> -1.8507 | R12: =IF(M12="","",IF(M12<1,1,0)) -> 0 | S12: =IF(AND(ISNUMBER(J12),ISNUMBER(L12),L12>0),J12/L12,"") -> 0.22148884
A13: 1099031 | B13: Windows | C13: -8.8191 | D13: 11.5121 | E13: -8.8191 | F13: 9.5125 | G13: -8.8191 | H13: 9.6621 | J13: =IFERROR(SQRT((F13-H13)^2+(E13-G13)^2),"") -> 0.1496 | K13: =IFERROR(SQRT((D13-H13)^2+(C13-G13)^2),"") -> 1.85 | L13: =IFERROR(SQRT((D13-F13)^2+(C13-E13)^2),"") -> 1.9996 | M13: =IF(AND(AND(ISNUMBER(E13),ISNUMBER(F13)),ISNUMBER(L13),L13>0),K13/L13,"") -> 0.92518504 | N13: =IF(AND(AND(ISNUMBER(E13),ISNUMBER(F13)),ISNUMBER(L13),L13>0),(L13-K13)/L13,"") -> 0.074814963 | O13: =IFERROR(IF(AND(AND(ISNUMBER(E13),ISNUMBER(F13)),SQRT((G13-E13)^2+(H13-F13)^2)>0,SQRT((C13-E13)^2+(D13-F13)^2)>0),((G13-E13)*(C13-E13)+(H13-F13)*(D13-F13))/(SQRT((G13-E13)^2+(H13-F13)^2)*SQRT((C13-E13)^2+(D13-F13)^2)),""),"") -> 1 | P13: =IF(AND(ISNUMBER(G13),ISNUMBER(C13)),G13-C13,"") -> 0 | Q13: =IF(AND(ISNUMBER(H13),ISNUMBER(D13)),H13-D13,"") -> -1.85 | R13: =IF(M13="","",IF(M13<1,1,0)) -> 1 | S13: =IF(AND(ISNUMBER(J13),ISNUMBER(L13),L13>0),J13/L13,"") -> 0.074814963
... A27: 1099019 | B27: Room Tags | C27: 17.7104 | D27: 3.1237 | E27: 17.7104 | F27: 3.1237 | G27: 17.7378 | H27: 3.2953 | J27: =IFERROR(SQRT((F27-H27)^2+(E27-G27)^2),"") -> 0.17377376 | K27: =IFERROR(SQRT((D27-H27)^2+(C27-G27)^2),"") -> 0.17377376 | L27: =IFERROR(SQRT((D27-F27)^2+(C27-E27)^2),"") -> 0 | M27: =IF(AND(AND(ISNUMBER(E27),ISNUMBER(F27)),ISNUMBER(L27),L27>0),K27/L27,"") | N27: =IF(AND(AND(ISNUMBER(E27),ISNUMBER(F27)),ISNUMBER(L27),L27>0),(L27-K27)/L27,"") | O27: =IFERROR(IF(AND(AND(ISNUMBER(E27),ISNUMBER(F27)),SQRT((G27-E27)^2+(H27-F27)^2)>0,SQRT((C27-E27)^2+(D27-F27)^2)>0),((G27-E27)*(C27-E27)+(H27-F27)*(D27-F27))/(SQRT((G27-E27)^2+(H27-F27)^2)*SQRT((C27-E27)^2+(D27-F27)^2)),""),"") | P27: =IF(AND(ISNUMBER(G27),ISNUMBER(C27)),G27-C27,"") -> 0.0274 | Q27: =IF(AND(ISNUMBER(H27),ISNUMBER(D27)),H27-D27,"") -> 0.1716 | R27: =IF(M27="","",IF(M27<1,1,0)) | S27: =IF(AND(ISNUMBER(J27),ISNUMBER(L27),L27>0),J27/L27,"")
B29: Quantity | J29: Dist_From_Centre | K29: Dist_From_Optimal | L29: Optimal_Dist_From_Centre
A30: All Tags | B30: =SUM(B31:B35) -> 26 | I30: All Tags | J30: =_xlfn.AGGREGATE(1,6,J2:J27) -> 1.4818545 | K30: =_xlfn.AGGREGATE(1,6,K2:K27) -> 2.0503314 | L30: =_xlfn.AGGREGATE(1,6,L2:L27) -> 1.6773
A31: Door Tags | B31: =COUNTIF(B2:B27,"Doors") -> 11 | I31: Door Tags | J31: =_xlfn.AGGREGATE(1,6,J2:J12) -> 0.92838364 | K31: =_xlfn.AGGREGATE(1,6,K2:K12) -> 1.5177702 | L31: =_xlfn.AGGREGATE(1,6,L2:L12) -> 0.70145217
A32: Windows | B32: =COUNTIF(B2:B27,"Windows") -> 7 | I32: Window Tags | J32: =_xlfn.AGGREGATE(1,6,J13:J19) -> 0.1496 | K32: =_xlfn.AGGREGATE(1,6,K13:K19) -> 1.9396224 | L32: =_xlfn.AGGREGATE(1,6,L13:L19) -> 2.0885091
A33: Wall Tags | B33: =COUNTIF(B2:B27,"Walls") -> 0 | I33: Wall Tags | J33: N/A | K33: N/A | L33: N/A
A34: Room Tags | B34: =COUNTIF(B2:B27,"Room Tags") -> 8 | I34: Room Tags | J34: =_xlfn.AGGREGATE(1,6,J20:J27) -> 3.4085996 | K34: =_xlfn.AGGREGATE(1,6,K20:K27) -> 2.8794735 | L34: =_xlfn.AGGREGATE(1,6,L20:L27) -> 2.6592827
A35: Stairs Tags | B35: =COUNTIF(B2:B27,"Stairs") -> 0
J37: Median
J38: Dist_From_Centre | K38: Dist_From_Optimal | L38: Optimal_Dist_From_Centre
I39: All Tags | J39: =_xlfn.AGGREGATE(12,6,J2:J27) -> 0.5825398 | K39: =_xlfn.AGGREGATE(12,6,K2:K27) -> 1.8516597 | L39: =_xlfn.AGGREGATE(12,6,L2:L27) -> 1.9275034
I40: Door Tags | J40: =_xlfn.AGGREGATE(12,6,J2:J12) -> 1.2633 | K40: =_xlfn.AGGREGATE(12,6,K2:K12) -> 1.38792 | L40: =_xlfn.AGGREGATE(12,6,L2:L12) -> 0.1979
I41: Window Tags | J41: =_xlfn.AGGREGATE(12,6,J13:J19) -> 0.1496 | K41: =_xlfn.AGGREGATE(12,6,K13:K19) -> 1.9896 | L41: =_xlfn.AGGREGATE(12,6,L13:L19) -> 2.1392
I42: Wall Tags | J42: N/A | K42: N/A | L42: N/A
I43: Room Tags | J43: =_xlfn.AGGREGATE(12,6,J20:J27) -> 1.3454313 | K43: =_xlfn.AGGREGATE(12,6,K20:K27) -> 1.9762603 | L43: =_xlfn.AGGREGATE(12,6,L20:L27) -> 2.3481718
I46: PERFORMANCE METRICS | M46: Win rate = % of tags beating the do-nothing baseline. Gross failures: Dist_From_Optimal > 15.0 ft.
I47: Category | J47: Quantity | K47: Win Rate | L47: Mean Error Reduction | M47: Mean Cosine Similarity | N47: RMSE (Dist_From_Optimal) | O47: Std Dev (Dist_From_Optimal) | P47: 90th pct (Dist_From_Optimal) | Q47: 95th pct (Dist_From_Optimal) | R47: Gross Failures | S47: Solver vs Human (dist from input) | T47: % Tags Further Than Human
I48: All Tags | J48: =COUNTA($B$2:$B$27) -> 26 | K48: =IF(COUNT($M$2:$M$27)=0,"N/A",COUNTIF($R$2:$R$27,1)/COUNT($M$2:$M$27)) -> 0.61111111 | L48: {=IF(COUNT($N$2:$N$27)=0,"N/A",AVERAGE($N$2:$N$27))} -> -0.3735381 | M48: {=IF(COUNT($O$2:$O$27)=0,"N/A",AVERAGE($O$2:$O$27))} -> 0.53357784 | N48: {=IF(COUNT($K$2:$K$27)=0,"N/A",SQRT(SUMPRODUCT(ISNUMBER($K$2:$K$27)*(IF(ISNUMBER($K$2:$K$27),$K$2:$K$27,0))^2)/COUNT($K$2:$K$27)))} -> 2.808193 | O48: =IF(COUNT($K$2:$K$27)<2,"N/A",_xlfn.STDEV.S($K$2:$K$27)) -> 1.9568783 | P48: =IF(COUNT($K$2:$K$27)=0,"N/A",_xlfn.PERCENTILE.INC($K$2:$K$27,0.9)) -> 2.7263449 | Q48: =IF(COUNT($K$2:$K$27)=0,"N/A",_xlfn.PERCENTILE.INC($K$2:$K$27,0.95)) -> 3.3170928 | R48: =COUNTIF($K$2:$K$27,">15") -> 0 | S48: =IF(COUNT($S$2:$S$27)=0,"N/A",AVERAGE($S$2:$S$27)) -> 0.82356511 | T48: =IF(COUNT($S$2:$S$27)=0,"N/A",COUNTIF($S$2:$S$27,">1")/COUNT($S$2:$S$27)) -> 0.16666667
I49: Door Tags | J49: =COUNTIF($B$2:$B$27,"Doors") -> 11 | K49: =IF(SUMPRODUCT(($B$2:$B$27="Doors")*ISNUMBER($M$2:$M$27))=0,"N/A",SUMPRODUCT(($B$2:$B$27="Doors")*($R$2:$R$27=1))/SUMPRODUCT(($B$2:$B$27="Doors")*ISNUMBER($M$2:$M$27))) -> 0 | L49: {=IF(SUMPRODUCT(($B$2:$B$27="Doors")*ISNUMBER($N$2:$N$27))=0,"N/A",SUMPRODUCT(($B$2:$B$27="Doors")*ISNUMBER($N$2:$N$27)*(IF(ISNUMBER($N$2:$N$27),$N$2:$N$27,0)))/SUMPRODUCT(($B$2:$B$27="Doors")*ISNUMBER($N$2:$N$27)))} -> -1.3942042 | M49: {=IF(SUMPRODUCT(($B$2:$B$27="Doors")*ISNUMBER($O$2:$O$27))=0,"N/A",SUMPRODUCT(($B$2:$B$27="Doors")*ISNUMBER($O$2:$O$27)*(IF(ISNUMBER($O$2:$O$27),$O$2:$O$27,0)))/SUMPRODUCT(($B$2:$B$27="Doors")*ISNUMBER($O$2:$O$27)))} -> -0.39024586 | N49: {=IF(SUMPRODUCT(($B$2:$B$27="Doors")*ISNUMBER($K$2:$K$27))=0,"N/A",SQRT(SUMPRODUCT(($B$2:$B$27="Doors")*ISNUMBER($K$2:$K$27)*(IF(ISNUMBER($K$2:$K$27),$K$2:$K$27,0))^2)/SUMPRODUCT(($B$2:$B$27="Doors")*ISNUMBER($K$2:$K$27))))} -> 1.5596089 | O49: {=IFERROR(IF(SUMPRODUCT(($B$2:$B$27="Doors")*ISNUMBER($K$2:$K$27))<2,"N/A",_xlfn.STDEV.S(IF($B$2:$B$27="Doors",$K$2:$K$27))),"N/A")} -> 0.37633618 | P49: {=IFERROR(_xlfn.PERCENTILE.INC(IF(($B$2:$B$27="Doors")*ISNUMBER($K$2:$K$27),$K$2:$K$27),0.9),"N/A")} -> 1.910784 | Q49: {=IFERROR(_xlfn.PERCENTILE.INC(IF(($B$2:$B$27="Doors")*ISNUMBER($K$2:$K$27),$K$2:$K$27),0.95),"N/A")} -> 2.0102412 | R49: =COUNTIFS($B$2:$B$27,"Doors",$K$2:$K$27,">15") -> 0 | S49: {=IF(SUMPRODUCT(($B$2:$B$27="Doors")*ISNUMBER($S$2:$S$27))=0,"N/A",SUMPRODUCT(($B$2:$B$27="Doors")*ISNUMBER($S$2:$S$27)*(IF(ISNUMBER($S$2:$S$27),$S$2:$S$27,0)))/SUMPRODUCT(($B$2:$B$27="Doors")*ISNUMBER($S$2:$S$27)))} -> 1.7571429 | T49: {=IF(SUMPRODUCT(($B$2:$B$27="Doors")*ISNUMBER($S$2:$S$27))=0,"N/A",SUMPRODUCT(($B$2:$B$27="Doors")*ISNUMBER($S$2:$S$27)*(IF(ISNUMBER($S$2:$S$27),$S$2:$S$27,0)>1))/SUMPRODUCT(($B$2:$B$27="Doors")*ISNUMBER($S$2:$S$27)))} -> 0.33333333
I50: Window Tags | J50: =COUNTIF($B$2:$B$27,"Windows") -> 7 | K50: =IF(SUMPRODUCT(($B$2:$B$27="Windows")*ISNUMBER($M$2:$M$27))=0,"N/A",SUMPRODUCT(($B$2:$B$27="Windows")*($R$2:$R$27=1))/SUMPRODUCT(($B$2:$B$27="Windows")*ISNUMBER($M$2:$M$27))) -> 1 | L50: {=IF(SUMPRODUCT(($B$2:$B$27="Windows")*ISNUMBER($N$2:$N$27))=0,"N/A",SUMPRODUCT(($B$2:$B$27="Windows")*ISNUMBER($N$2:$N$27)*(IF(ISNUMBER($N$2:$N$27),$N$2:$N$27,0)))/SUMPRODUCT(($B$2:$B$27="Windows")*ISNUMBER($N$2:$N$27)))} -> 0.071348139 | M50: {=IF(SUMPRODUCT(($B$2:$B$27="Windows")*ISNUMBER($O$2:$O$27))=0,"N/A",SUMPRODUCT(($B$2:$B$27="Windows")*ISNUMBER($O$2:$O$27)*(IF(ISNUMBER($O$2:$O$27),$O$2:$O$27,0)))/SUMPRODUCT(($B$2:$B$27="Windows")*ISNUMBER($O$2:$O$27)))} -> 0.99557188 | N50: {=IF(SUMPRODUCT(($B$2:$B$27="Windows")*ISNUMBER($K$2:$K$27))=0,"N/A",SQRT(SUMPRODUCT(($B$2:$B$27="Windows")*ISNUMBER($K$2:$K$27)*(IF(ISNUMBER($K$2:$K$27),$K$2:$K$27,0))^2)/SUMPRODUCT(($B$2:$B$27="Windows")*ISNUMBER($K$2:$K$27))))} -> 1.9405974 | O50: {=IFERROR(IF(SUMPRODUCT(($B$2:$B$27="Windows")*ISNUMBER($K$2:$K$27))<2,"N/A",_xlfn.STDEV.S(IF($B$2:$B$27="Windows",$K$2:$K$27))),"N/A")} -> 0.066435996 | P50: {=IFERROR(_xlfn.PERCENTILE.INC(IF(($B$2:$B$27="Windows")*ISNUMBER($K$2:$K$27),$K$2:$K$27),0.9),"N/A")} -> 1.9896 | Q50: {=IFERROR(_xlfn.PERCENTILE.INC(IF(($B$2:$B$27="Windows")*ISNUMBER($K$2:$K$27),$K$2:$K$27),0.95),"N/A")} -> 1.9896 | R50: =COUNTIFS($B$2:$B$27,"Windows",$K$2:$K$27,">15") -> 0 | S50: {=IF(SUMPRODUCT(($B$2:$B$27="Windows")*ISNUMBER($S$2:$S$27))=0,"N/A",SUMPRODUCT(($B$2:$B$27="Windows")*ISNUMBER($S$2:$S$27)*(IF(ISNUMBER($S$2:$S$27),$S$2:$S$27,0)))/SUMPRODUCT(($B$2:$B$27="Windows")*ISNUMBER($S$2:$S$27)))} -> 0.0716938 | T50: {=IF(SUMPRODUCT(($B$2:$B$27="Windows")*ISNUMBER($S$2:$S$27))=0,"N/A",SUMPRODUCT(($B$2:$B$27="Windows")*ISNUMBER($S$2:$S$27)*(IF(ISNUMBER($S$2:$S$27),$S$2:$S$27,0)>1))/SUMPRODUCT(($B$2:$B$27="Windows")*ISNUMBER($S$2:$S$27)))} -> 0
I51: Room Tags | J51: =COUNTIF($B$2:$B$27,"Room Tags") -> 8 | K51: =IF(SUMPRODUCT(($B$2:$B$27="Room Tags")*ISNUMBER($M$2:$M$27))=0,"N/A",SUMPRODUCT(($B$2:$B$27="Room Tags")*($R$2:$R$27=1))/SUMPRODUCT(($B$2:$B$27="Room Tags")*ISNUMBER($M$2:$M$27))) -> 0.8 | L51: {=IF(SUMPRODUCT(($B$2:$B$27="Room Tags")*ISNUMBER($N$2:$N$27))=0,"N/A",SUMPRODUCT(($B$2:$B$27="Room Tags")*ISNUMBER($N$2:$N$27)*(IF(ISNUMBER($N$2:$N$27),$N$2:$N$27,0)))/SUMPRODUCT(($B$2:$B$27="Room Tags")*ISNUMBER($N$2:$N$27)))} -> 0.22842051 | M51: {=IF(SUMPRODUCT(($B$2:$B$27="Room Tags")*ISNUMBER($O$2:$O$27))=0,"N/A",SUMPRODUCT(($B$2:$B$27="Room Tags")*ISNUMBER($O$2:$O$27)*(IF(ISNUMBER($O$2:$O$27),$O$2:$O$27,0)))/SUMPRODUCT(($B$2:$B$27="Room Tags")*ISNUMBER($O$2:$O$27)))} -> 0.8106099 | N51: {=IF(SUMPRODUCT(($B$2:$B$27="Room Tags")*ISNUMBER($K$2:$K$27))=0,"N/A",SQRT(SUMPRODUCT(($B$2:$B$27="Room Tags")*ISNUMBER($K$2:$K$27)*(IF(ISNUMBER($K$2:$K$27),$K$2:$K$27,0))^2)/SUMPRODUCT(($B$2:$B$27="Room Tags")*ISNUMBER($K$2:$K$27))))} -> 4.3577092 | O51: {=IFERROR(IF(SUMPRODUCT(($B$2:$B$27="Room Tags")*ISNUMBER($K$2:$K$27))<2,"N/A",_xlfn.STDEV.S(IF($B$2:$B$27="Room Tags",$K$2:$K$27))),"N/A")} -> 3.4966535 | P51: {=IFERROR(_xlfn.PERCENTILE.INC(IF(($B$2:$B$27="Room Tags")*ISNUMBER($K$2:$K$27),$K$2:$K$27),0.9),"N/A")} -> 5.690094 | Q51: {=IFERROR(_xlfn.PERCENTILE.INC(IF(($B$2:$B$27="Room Tags")*ISNUMBER($K$2:$K$27),$K$2:$K$27),0.95),"N/A")} -> 8.3551049 | R51: =COUNTIFS($B$2:$B$27,"Room Tags",$K$2:$K$27,">15") -> 0 | S51: {=IF(SUMPRODUCT(($B$2:$B$27="Room Tags")*ISNUMBER($S$2:$S$27))=0,"N/A",SUMPRODUCT(($B$2:$B$27="Room Tags")*ISNUMBER($S$2:$S$27)*(IF(ISNUMBER($S$2:$S$27),$S$2:$S$27,0)))/SUMPRODUCT(($B$2:$B$27="Room Tags")*ISNUMBER($S$2:$S$27)))} -> 0.7558916 | T51: {=IF(SUMPRODUCT(($B$2:$B$27="Room Tags")*ISNUMBER($S$2:$S$27))=0,"N/A",SUMPRODUCT(($B$2:$B$27="Room Tags")*ISNUMBER($S$2:$S$27)*(IF(ISNUMBER($S$2:$S$27),$S$2:$S$27,0)>1))/SUMPRODUCT(($B$2:$B$27="Room Tags")*ISNUMBER($S$2:$S$27)))} -> 0.2

Sheet Advanced L1
A1: TagId | B1: TaggedCategory | C1: Optimal_X | D1: Optimal_Y | E1: Input_X | F1: Input_Y | G1: Output_X | H1: Output_Y | J1: Dist_From_Centre | K1: Dist_From_Optimal | L1: Optimal_Dist_From_Centre | M1: Improvement_Ratio | N1: Error_Reduction_Pct | O1: Move_Cosine_Similarity | P1: Error_DX | Q1: Error_DY | R1: Beat_Baseline | S1: Solver_vs_Human_InputDist
A2: 438678 | B2: Doors | C2: 26.977 | D2: 98.2006 | E2: 26.8335 | F2: 98.2006 | G2: 26.8335 | H2: 95.4503 | J2: =IFERROR(SQRT((F2-H2)^2+(E2-G2)^2),"") -> 2.7503 | K2: =IFERROR(SQRT((D2-H2)^2+(C2-G2)^2),"") -> 2.7540411 | L2: =IFERROR(SQRT((D2-F2)^2+(C2-E2)^2),"") -> 0.1435 | M2: =IF(AND(AND(ISNUMBER(E2),ISNUMBER(F2)),ISNUMBER(L2),L2>0),K2/L2,"") -> 19.191924 | N2: =IF(AND(AND(ISNUMBER(E2),ISNUMBER(F2)),ISNUMBER(L2),L2>0),(L2-K2)/L2,"") -> -18.191924 | O2: =IFERROR(IF(AND(AND(ISNUMBER(E2),ISNUMBER(F2)),SQRT((G2-E2)^2+(H2-F2)^2)>0,SQRT((C2-E2)^2+(D2-F2)^2)>0),((G2-E2)*(C2-E2)+(H2-F2)*(D2-F2))/(SQRT((G2-E2)^2+(H2-F2)^2)*SQRT((C2-E2)^2+(D2-F2)^2)),""),"") -> 0 | P2: =IF(AND(ISNUMBER(G2),ISNUMBER(C2)),G2-C2,"") -> -0.1435 | Q2: =IF(AND(ISNUMBER(H2),ISNUMBER(D2)),H2-D2,"") -> -2.7503 | R2: =IF(M2="","",IF(M2<1,1,0)) -> 0 | S2: =IF(AND(ISNUMBER(J2),ISNUMBER(L2),L2>0),J2/L2,"") -> 19.165854
A3: 438679 | B3: Doors | C3: 37.9678 | D3: 80.7359 | E3: 37.9678 | F3: 82.1963 | G3: 37.9678 | H3: 79.4266 | J3: =IFERROR(SQRT((F3-H3)^2+(E3-G3)^2),"") -> 2.7697 | K3: =IFERROR(SQRT((D3-H3)^2+(C3-G3)^2),"") -> 1.3093 | L3: =IFERROR(SQRT((D3-F3)^2+(C3-E3)^2),"") -> 1.4604 | M3: =IF(AND(AND(ISNUMBER(E3),ISNUMBER(F3)),ISNUMBER(L3),L3>0),K3/L3,"") -> 0.8965352 | N3: =IF(AND(AND(ISNUMBER(E3),ISNUMBER(F3)),ISNUMBER(L3),L3>0),(L3-K3)/L3,"") -> 0.1034648 | O3: =IFERROR(IF(AND(AND(ISNUMBER(E3),ISNUMBER(F3)),SQRT((G3-E3)^2+(H3-F3)^2)>0,SQRT((C3-E3)^2+(D3-F3)^2)>0),((G3-E3)*(C3-E3)+(H3-F3)*(D3-F3))/(SQRT((G3-E3)^2+(H3-F3)^2)*SQRT((C3-E3)^2+(D3-F3)^2)),""),"") -> 1 | P3: =IF(AND(ISNUMBER(G3),ISNUMBER(C3)),G3-C3,"") -> 0 | Q3: =IF(AND(ISNUMBER(H3),ISNUMBER(D3)),H3-D3,"") -> -1.3093 | R3: =IF(M3="","",IF(M3<1,1,0)) -> 1 | S3: =IF(AND(ISNUMBER(J3),ISNUMBER(L3),L3>0),J3/L3,"") -> 1.8965352
A4: 438680 | B4: Doors | C4: 47.1296 | D4: 73.016 | E4: 47.1296 | F4: 74.4765 | G4: 47.1296 | H4: 71.7068 | J4: =IFERROR(SQRT((F4-H4)^2+(E4-G4)^2),"") -> 2.7697 | K4: =IFERROR(SQRT((D4-H4)^2+(C4-G4)^2),"") -> 1.3092 | L4: =IFERROR(SQRT((D4-F4)^2+(C4-E4)^2),"") -> 1.4605 | M4: =IF(AND(AND(ISNUMBER(E4),ISNUMBER(F4)),ISNUMBER(L4),L4>0),K4/L4,"") -> 0.89640534 | N4: =IF(AND(AND(ISNUMBER(E4),ISNUMBER(F4)),ISNUMBER(L4),L4>0),(L4-K4)/L4,"") -> 0.10359466 | O4: =IFERROR(IF(AND(AND(ISNUMBER(E4),ISNUMBER(F4)),SQRT((G4-E4)^2+(H4-F4)^2)>0,SQRT((C4-E4)^2+(D4-F4)^2)>0),((G4-E4)*(C4-E4)+(H4-F4)*(D4-F4))/(SQRT((G4-E4)^2+(H4-F4)^2)*SQRT((C4-E4)^2+(D4-F4)^2)),""),"") -> 1 | P4: =IF(AND(ISNUMBER(G4),ISNUMBER(C4)),G4-C4,"") -> 0 | Q4: =IF(AND(ISNUMBER(H4),ISNUMBER(D4)),H4-D4,"") -> -1.3092 | R4: =IF(M4="","",IF(M4<1,1,0)) -> 1 | S4: =IF(AND(ISNUMBER(J4),ISNUMBER(L4),L4>0),J4/L4,"") -> 1.8964053
A5: 438681 | B5: Doors | C5: 52.9613 | D5: 73.016 | E5: 52.9613 | F5: 74.476 | G5: 52.9613 | H5: 71.7068 | J5: =IFERROR(SQRT((F5-H5)^2+(E5-G5)^2),"") -> 2.7692 | K5: =IFERROR(SQRT((D5-H5)^2+(C5-G5)^2),"") -> 1.3092 | L5: =IFERROR(SQRT((D5-F5)^2+(C5-E5)^2),"") -> 1.46 | M5: =IF(AND(AND(ISNUMBER(E5),ISNUMBER(F5)),ISNUMBER(L5),L5>0),K5/L5,"") -> 0.89671233 | N5: =IF(AND(AND(ISNUMBER(E5),ISNUMBER(F5)),ISNUMBER(L5),L5>0),(L5-K5)/L5,"") -> 0.10328767 | O5: =IFERROR(IF(AND(AND(ISNUMBER(E5),ISNUMBER(F5)),SQRT((G5-E5)^2+(H5-F5)^2)>0,SQRT((C5-E5)^2+(D5-F5)^2)>0),((G5-E5)*(C5-E5)+(H5-F5)*(D5-F5))/(SQRT((G5-E5)^2+(H5-F5)^2)*SQRT((C5-E5)^2+(D5-F5)^2)),""),"") -> 1 | P5: =IF(AND(ISNUMBER(G5),ISNUMBER(C5)),G5-C5,"") -> 0 | Q5: =IF(AND(ISNUMBER(H5),ISNUMBER(D5)),H5-D5,"") -> -1.3092 | R5: =IF(M5="","",IF(M5<1,1,0)) -> 1 | S5: =IF(AND(ISNUMBER(J5),ISNUMBER(L5),L5>0),J5/L5,"") -> 1.8967123
A6: 438682 | B6: Doors | C6: 67.7661 | D6: 73.016 | E6: 67.7661 | F6: 74.4765 | G6: 67.7661 | H6: 71.7068 | J6: =IFERROR(SQRT((F6-H6)^2+(E6-G6)^2),"") -> 2.7697 | K6: =IFERROR(SQRT((D6-H6)^2+(C6-G6)^2),"") -> 1.3092 | L6: =IFERROR(SQRT((D6-F6)^2+(C6-E6)^2),"") -> 1.4605 | M6: =IF(AND(AND(ISNUMBER(E6),ISNUMBER(F6)),ISNUMBER(L6),L6>0),K6/L6,"") -> 0.89640534 | N6: =IF(AND(AND(ISNUMBER(E6),ISNUMBER(F6)),ISNUMBER(L6),L6>0),(L6-K6)/L6,"") -> 0.10359466 | O6: =IFERROR(IF(AND(AND(ISNUMBER(E6),ISNUMBER(F6)),SQRT((G6-E6)^2+(H6-F6)^2)>0,SQRT((C6-E6)^2+(D6-F6)^2)>0),((G6-E6)*(C6-E6)+(H6-F6)*(D6-F6))/(SQRT((G6-E6)^2+(H6-F6)^2)*SQRT((C6-E6)^2+(D6-F6)^2)),""),"") -> 1 | P6: =IF(AND(ISNUMBER(G6),ISNUMBER(C6)),G6-C6,"") -> 0 | Q6: =IF(AND(ISNUMBER(H6),ISNUMBER(D6)),H6-D6,"") -> -1.3092 | R6: =IF(M6="","",IF(M6<1,1,0)) -> 1 | S6: =IF(AND(ISNUMBER(J6),ISNUMBER(L6),L6>0),J6/L6,"") -> 1.8964053
A7: 438683 | B7: Doors | C7: 71.4242 | D7: 73.016 | E7: 71.4242 | F7: 74.4765 | G7: 71.4242 | H7: 71.7068 | J7: =IFERROR(SQRT((F7-H7)^2+(E7-G7)^2),"") -> 2.7697 | K7: =IFERROR(SQRT((D7-H7)^2+(C7-G7)^2),"") -> 1.3092 | L7: =IFERROR(SQRT((D7-F7)^2+(C7-E7)^2),"") -> 1.4605 | M7: =IF(AND(AND(ISNUMBER(E7),ISNUMBER(F7)),ISNUMBER(L7),L7>0),K7/L7,"") -> 0.89640534 | N7: =IF(AND(AND(ISNUMBER(E7),ISNUMBER(F7)),ISNUMBER(L7),L7>0),(L7-K7)/L7,"") -> 0.10359466 | O7: =IFERROR(IF(AND(AND(ISNUMBER(E7),ISNUMBER(F7)),SQRT((G7-E7)^2+(H7-F7)^2)>0,SQRT((C7-E7)^2+(D7-F7)^2)>0),((G7-E7)*(C7-E7)+(H7-F7)*(D7-F7))/(SQRT((G7-E7)^2+(H7-F7)^2)*SQRT((C7-E7)^2+(D7-F7)^2)),""),"") -> 1 | P7: =IF(AND(ISNUMBER(G7),ISNUMBER(C7)),G7-C7,"") -> 0 | Q7: =IF(AND(ISNUMBER(H7),ISNUMBER(D7)),H7-D7,"") -> -1.3092 | R7: =IF(M7="","",IF(M7<1,1,0)) -> 1 | S7: =IF(AND(ISNUMBER(J7),ISNUMBER(L7),L7>0),J7/L7,"") -> 1.8964053
A8: 438684 | B8: Doors | C8: 69.5951 | D8: 82.5649 | E8: 71.0556 | F8: 82.5649 | G8: 71.0556 | H8: 79.8146 | J8: =IFERROR(SQRT((F8-H8)^2+(E8-G8)^2),"") -> 2.7503 | K8: =IFERROR(SQRT((D8-H8)^2+(C8-G8)^2),"") -> 3.1140344 | L8: =IFERROR(SQRT((D8-F8)^2+(C8-E8)^2),"") -> 1.4605 | M8: =IF(AND(AND(ISNUMBER(E8),ISNUMBER(F8)),ISNUMBER(L8),L8>0),K8/L8,"") -> 2.1321701 | N8: =IF(AND(AND(ISNUMBER(E8),ISNUMBER(F8)),ISNUMBER(L8),L8>0),(L8-K8)/L8,"") -> -1.1321701 | O8: =IFERROR(IF(AND(AND(ISNUMBER(E8),ISNUMBER(F8)),SQRT((G8-E8)^2+(H8-F8)^2)>0,SQRT((C8-E8)^2+(D8-F8)^2)>0),((G8-E8)*(C8-E8)+(H8-F8)*(D8-F8))/(SQRT((G8-E8)^2+(H8-F8)^2)*SQRT((C8-E8)^2+(D8-F8)^2)),""),"") -> 0 | P8: =IF(AND(ISNUMBER(G8),ISNUMBER(C8)),G8-C8,"") -> 1.4605 | Q8: =IF(AND(ISNUMBER(H8),ISNUMBER(D8)),H8-D8,"") -> -2.7503 | R8: =IF(M8="","",IF(M8<1,1,0)) -> 0 | S8: =IF(AND(ISNUMBER(J8),ISNUMBER(L8),L8>0),J8/L8,"") -> 1.8831222
A9: 438685 | B9: Doors | C9: 67.7661 | D9: 91.4995 | E9: 67.7661 | F9: 90.0391 | G9: 67.7661 | H9: 87.2694 | J9: =IFERROR(SQRT((F9-H9)^2+(E9-G9)^2),"") -> 2.7697 | K9: =IFERROR(SQRT((D9-H9)^2+(C9-G9)^2),"") -> 4.2301 | L9: =IFERROR(SQRT((D9-F9)^2+(C9-E9)^2),"") -> 1.4604 | M9: =IF(AND(AND(ISNUMBER(E9),ISNUMBER(F9)),ISNUMBER(L9),L9>0),K9/L9,"") -> 2.8965352 | N9: =IF(AND(AND(ISNUMBER(E9),ISNUMBER(F9)),ISNUMBER(L9),L9>0),(L9-K9)/L9,"") -> -1.8965352 | O9: =IFERROR(IF(AND(AND(ISNUMBER(E9),ISNUMBER(F9)),SQRT((G9-E9)^2+(H9-F9)^2)>0,SQRT((C9-E9)^2+(D9-F9)^2)>0),((G9-E9)*(C9-E9)+(H9-F9)*(D9-F9))/(SQRT((G9-E9)^2+(H9-F9)^2)*SQRT((C9-E9)^2+(D9-F9)^2)),""),"") -> -1 | P9: =IF(AND(ISNUMBER(G9),ISNUMBER(C9)),G9-C9,"") -> 0 | Q9: =IF(AND(ISNUMBER(H9),ISNUMBER(D9)),H9-D9,"") -> -4.2301 | R9: =IF(M9="","",IF(M9<1,1,0)) -> 0 | S9: =IF(AND(ISNUMBER(J9),ISNUMBER(L9),L9>0),J9/L9,"") -> 1.8965352
A10: 438686 | B10: Doors | C10: 89.7651 | D10: 78.9873 | E10: 91.2255 | F10: 78.9873 | G10: 91.2255 | H10: 76.237 | J10: =IFERROR(SQRT((F10-H10)^2+(E10-G10)^2),"") -> 2.7503 | K10: =IFERROR(SQRT((D10-H10)^2+(C10-G10)^2),"") -> 3.1139875 | L10: =IFERROR(SQRT((D10-F10)^2+(C10-E10)^2),"") -> 1.4604 | M10: =IF(AND(AND(ISNUMBER(E10),ISNUMBER(F10)),ISNUMBER(L10),L10>0),K10/L10,"") -> 2.132284 | N10: =IF(AND(AND(ISNUMBER(E10),ISNUMBER(F10)),ISNUMBER(L10),L10>0),(L10-K10)/L10,"") -> -1.132284 | O10: =IFERROR(IF(AND(AND(ISNUMBER(E10),ISNUMBER(F10)),SQRT((G10-E10)^2+(H10-F10)^2)>0,SQRT((C10-E10)^2+(D10-F10)^2)>0),((G10-E10)*(C10-E10)+(H10-F10)*(D10-F10))/(SQRT((G10-E10)^2+(H10-F10)^2)*SQRT((C10-E10)^2+(D10-F10)^2)),""),"") -> 0 | P10: =IF(AND(ISNUMBER(G10),ISNUMBER(C10)),G10-C10,"") -> 1.4604 | Q10: =IF(AND(ISNUMBER(H10),ISNUMBER(D10)),H10-D10,"") -> -2.7503 | R10: =IF(M10="","",IF(M10<1,1,0)) -> 0 | S10: =IF(AND(ISNUMBER(J10),ISNUMBER(L10),L10>0),J10/L10,"") -> 1.8832512
A11: 438687 | B11: Doors | C11: 82.2717 | D11: 76.52 | E11: 81.7971 | F11: 78.0841 | G11: 81.7971 | H11: 75.479 | J11: =IFERROR(SQRT((F11-H11)^2+(E11-G11)^2),"") -> 2.6051 | K11: =IFERROR(SQRT((D11-H11)^2+(C11-G11)^2),"") -> 1.1440831 | L11: =IFERROR(SQRT((D11-F11)^2+(C11-E11)^2),"") -> 1.6345195 | M11: =IF(AND(AND(ISNUMBER(E11),ISNUMBER(F11)),ISNUMBER(L11),L11>0),K11/L11,"") -> 0.69995073 | N11: =IF(AND(AND(ISNUMBER(E11),ISNUMBER(F11)),ISNUMBER(L11),L11>0),(L11-K11)/L11,"") -> 0.30004927 | O11: =IFERROR(IF(AND(AND(ISNUMBER(E11),ISNUMBER(F11)),SQRT((G11-E11)^2+(H11-F11)^2)>0,SQRT((C11-E11)^2+(D11-F11)^2)>0),((G11-E11)*(C11-E11)+(H11-F11)*(D11-F11))/(SQRT((G11-E11)^2+(H11-F11)^2)*SQRT((C11-E11)^2+(D11-F11)^2)),""),"") -> 0.95691731 | P11: =IF(AND(ISNUMBER(G11),ISNUMBER(C11)),G11-C11,"") -> -0.4746 | Q11: =IF(AND(ISNUMBER(H11),ISNUMBER(D11)),H11-D11,"") -> -1.041 | R11: =IF(M11="","",IF(M11<1,1,0)) -> 1 | S11: =IF(AND(ISNUMBER(J11),ISNUMBER(L11),L11>0),J11/L11,"") -> 1.5938017
A12: 438688 | B12: Doors | C12: -26.7415 | D12: 19.9063 | E12: -26.7415 | F12: 21.2842 | G12: -26.7415 | H12: 18.3272 | J12: =IFERROR(SQRT((F12-H12)^2+(E12-G12)^2),"") -> 2.957 | K12: =IFERROR(SQRT((D12-H12)^2+(C12-G12)^2),"") -> 1.5791 | L12: =IFERROR(SQRT((D12-F12)^2+(C12-E12)^2),"") -> 1.3779 | M12: =IF(AND(AND(ISNUMBER(E12),ISNUMBER(F12)),ISNUMBER(L12),L12>0),K12/L12,"") -> 1.1460193 | N12: =IF(AND(AND(ISNUMBER(E12),ISNUMBER(F12)),ISNUMBER(L12),L12>0),(L12-K12)/L12,"") -> -0.1460193 | O12: =IFERROR(IF(AND(AND(ISNUMBER(E12),ISNUMBER(F12)),SQRT((G12-E12)^2+(H12-F12)^2)>0,SQRT((C12-E12)^2+(D12-F12)^2)>0),((G12-E12)*(C12-E12)+(H12-F12)*(D12-F12))/(SQRT((G12-E12)^2+(H12-F12)^2)*SQRT((C12-E12)^2+(D12-F12)^2)),""),"") -> 1 | P12: =IF(AND(ISNUMBER(G12),ISNUMBER(C12)),G12-C12,"") -> 0 | Q12: =IF(AND(ISNUMBER(H12),ISNUMBER(D12)),H12-D12,"") -> -1.5791 | R12: =IF(M12="","",IF(M12<1,1,0)) -> 0 | S12: =IF(AND(ISNUMBER(J12),ISNUMBER(L12),L12>0),J12/L12,"") -> 2.1460193
A13: 438689 | B13: Doors | C13: -23.2851 | D13: 10.8095 | E13: -24.6631 | F13: 10.8095 | G13: -24.6631 | H13: 14.8968 | J13: =IFERROR(SQRT((F13-H13)^2+(E13-G13)^2),"") -> 4.0873 | K13: =IFERROR(SQRT((D13-H13)^2+(C13-G13)^2),"") -> 4.3133404 | L13: =IFERROR(SQRT((D13-F13)^2+(C13-E13)^2),"") -> 1.378 | M13: =IF(AND(AND(ISNUMBER(E13),ISNUMBER(F13)),ISNUMBER(L13),L13>0),K13/L13,"") -> 3.1301454 | N13: =IF(AND(AND(ISNUMBER(E13),ISNUMBER(F13)),ISNUMBER(L13),L13>0),(L13-K13)/L13,"") -> -2.1301454 | O13: =IFERROR(IF(AND(AND(ISNUMBER(E13),ISNUMBER(F13)),SQRT((G13-E13)^2+(H13-F13)^2)>0,SQRT((C13-E13)^2+(D13-F13)^2)>0),((G13-E13)*(C13-E13)+(H13-F13)*(D13-F13))/(SQRT((G13-E13)^2+(H13-F13)^2)*SQRT((C13-E13)^2+(D13-F13)^2)),""),"") -> 0 | P13: =IF(AND(ISNUMBER(G13),ISNUMBER(C13)),G13-C13,"") -> -1.378 | Q13: =IF(AND(ISNUMBER(H13),ISNUMBER(D13)),H13-D13,"") -> 4.0873 | R13: =IF(M13="","",IF(M13<1,1,0)) -> 0 | S13: =IF(AND(ISNUMBER(J13),ISNUMBER(L13),L13>0),J13/L13,"") -> 2.9661103
... A78: 438677 | B78: Room Tags | C78: 181.2273 | D78: -57.4735 | E78: 181.2273 | F78: -57.4735 | G78: 179.908 | H78: -45.6992 | J78: =IFERROR(SQRT((F78-H78)^2+(E78-G78)^2),"") -> 11.847983 | K78: =IFERROR(SQRT((D78-H78)^2+(C78-G78)^2),"") -> 11.847983 | L78: =IFERROR(SQRT((D78-F78)^2+(C78-E78)^2),"") -> 0 | M78: =IF(AND(AND(ISNUMBER(E78),ISNUMBER(F78)),ISNUMBER(L78),L78>0),K78/L78,"") | N78: =IF(AND(AND(ISNUMBER(E78),ISNUMBER(F78)),ISNUMBER(L78),L78>0),(L78-K78)/L78,"") | O78: =IFERROR(IF(AND(AND(ISNUMBER(E78),ISNUMBER(F78)),SQRT((G78-E78)^2+(H78-F78)^2)>0,SQRT((C78-E78)^2+(D78-F78)^2)>0),((G78-E78)*(C78-E78)+(H78-F78)*(D78-F78))/(SQRT((G78-E78)^2+(H78-F78)^2)*SQRT((C78-E78)^2+(D78-F78)^2)),""),"") | P78: =IF(AND(ISNUMBER(G78),ISNUMBER(C78)),G78-C78,"") -> -1.3193 | Q78: =IF(AND(ISNUMBER(H78),ISNUMBER(D78)),H78-D78,"") -> 11.7743 | R78: =IF(M78="","",IF(M78<1,1,0)) | S78: =IF(AND(ISNUMBER(J78),ISNUMBER(L78),L78>0),J78/L78,"")
B80: Quantity | J80: Dist_From_Centre | K80: Dist_From_Optimal | L80: Optimal_Dist_From_Centre
A81: All Tags | B81: =SUM(B82:B86) -> 77 | I81: All Tags | J81: =_xlfn.AGGREGATE(1,6,J2:J78) -> 3.6861448 | K81: =_xlfn.AGGREGATE(1,6,K2:K78) -> 3.3869185 | L81: =_xlfn.AGGREGATE(1,6,L2:L78) -> 1.9204367
A82: Door Tags | B82: =COUNTIF(B2:B78,"Doors") -> 38 | I82: Door Tags | J82: =_xlfn.AGGREGATE(1,6,J2:J39) -> 2.5733921 | K82: =_xlfn.AGGREGATE(1,6,K2:K39) -> 2.078811 | L82: =_xlfn.AGGREGATE(1,6,L2:L39) -> 1.4472129
A83: Windows | B83: =COUNTIF(B2:B78,"Windows") -> 6 | I83: Window Tags | J83: =_xlfn.AGGREGATE(1,6,J40:J45) -> 2.503 | K83: =_xlfn.AGGREGATE(1,6,K40:K45) -> 0.5296 | L83: =_xlfn.AGGREGATE(1,6,L40:L45) -> 1.9734
A84: Wall Tags | B84: =COUNTIF(B2:B78,"Walls") -> 2 | I84: Wall Tags | J84: =_xlfn.AGGREGATE(1,6,J47) -> 15.037335 | K84: =_xlfn.AGGREGATE(1,6,K47) -> 10.27211 | L84: =_xlfn.AGGREGATE(1,6,L47) -> 5.5895754
A85: Room Tags | B85: =COUNTIF(B2:B78,"Room Tags") -> 31 | I85: Room Tags | J85: =_xlfn.AGGREGATE(1,6,J48:J78) -> 4.9588322 | K85: =_xlfn.AGGREGATE(1,6,K48:K78) -> 5.2130542 | L85: =_xlfn.AGGREGATE(1,6,L48:L78) -> 2.2736454
A86: Stairs Tags | B86: =COUNTIF(B2:B78,"Stairs") -> 0
J88: Median
J89: Dist_From_Centre | K89: Dist_From_Optimal | L89: Optimal_Dist_From_Centre
I90: All Tags | J90: =_xlfn.AGGREGATE(12,6,J2:J78) -> 2.7692 | K90: =_xlfn.AGGREGATE(12,6,K2:K78) -> 1.3159043 | L90: =_xlfn.AGGREGATE(12,6,L2:L78) -> 1.4605
I91: Door Tags | J91: =_xlfn.AGGREGATE(12,6,J2:J39) -> 2.7697 | K91: =_xlfn.AGGREGATE(12,6,K2:K39) -> 1.3092 | L91: =_xlfn.AGGREGATE(12,6,L2:L39) -> 1.4605
I92: Window Tags | J92: =_xlfn.AGGREGATE(12,6,J40:J45) -> 2.503 | K92: =_xlfn.AGGREGATE(12,6,K40:K45) -> 0.5296 | L92: =_xlfn.AGGREGATE(12,6,L40:L45) -> 1.9734
I93: Wall Tags | J93: =_xlfn.AGGREGATE(12,6,J46:J47) -> 8.6512246 | K93: =_xlfn.AGGREGATE(12,6,K46:K47) -> 8.5078118 | L93: =_xlfn.AGGREGATE(12,6,L46:L47) -> 5.2780626
I94: Room Tags | J94: =_xlfn.AGGREGATE(12,6,J48:J78) -> 2.2382496 | K94: =_xlfn.AGGREGATE(12,6,K48:K78) -> 1.4249234 | L94: =_xlfn.AGGREGATE(12,6,L48:L78) -> 0
I97: PERFORMANCE METRICS | M97: Win rate = % of tags beating the do-nothing baseline. Gross failures: Dist_From_Optimal > 15.0 ft.
I98: Category | J98: Quantity | K98: Win Rate | L98: Mean Error Reduction | M98: Mean Cosine Similarity | N98: RMSE (Dist_From_Optimal) | O98: Std Dev (Dist_From_Optimal) | P98: 90th pct (Dist_From_Optimal) | Q98: 95th pct (Dist_From_Optimal) | R98: Gross Failures | S98: Solver vs Human (dist from input) | T98: % Tags Further Than Human
I99: All Tags | J99: =COUNTA($B$2:$B$78) -> 77 | K99: =IF(COUNT($M$2:$M$78)=0,"N/A",COUNTIF($R$2:$R$78,1)/COUNT($M$2:$M$78)) -> 0.57894737 | L99: {=IF(COUNT($N$2:$N$78)=0,"N/A",AVERAGE($N$2:$N$78))} -> -0.59345195 | M99: {=IF(COUNT($O$2:$O$78)=0,"N/A",AVERAGE($O$2:$O$78))} -> 0.58944562 | N99: {=IF(COUNT($K$2:$K$78)=0,"N/A",SQRT(SUMPRODUCT(ISNUMBER($K$2:$K$78)*(IF(ISNUMBER($K$2:$K$78),$K$2:$K$78,0))^2)/COUNT($K$2:$K$78)))} -> 6.0886005 | O99: =IF(COUNT($K$2:$K$78)<2,"N/A",_xlfn.STDEV.S($K$2:$K$78)) -> 5.0928066 | P99: =IF(COUNT($K$2:$K$78)=0,"N/A",_xlfn.PERCENTILE.INC($K$2:$K$78,0.9)) -> 8.1549523 | Q99: =IF(COUNT($K$2:$K$78)=0,"N/A",_xlfn.PERCENTILE.INC($K$2:$K$78,0.95)) -> 13.378105 | R99: =COUNTIF($K$2:$K$78,">15") -> 4 | S99: =IF(COUNT($S$2:$S$78)=0,"N/A",AVERAGE($S$2:$S$78)) -> 1.9666594 | T99: =IF(COUNT($S$2:$S$78)=0,"N/A",COUNTIF($S$2:$S$78,">1")/COUNT($S$2:$S$78)) -> 0.8245614
I100: Door Tags | J100: =COUNTIF($B$2:$B$78,"Doors") -> 38 | K100: =IF(SUMPRODUCT(($B$2:$B$78="Doors")*ISNUMBER($M$2:$M$78))=0,"N/A",SUMPRODUCT(($B$2:$B$78="Doors")*($R$2:$R$78=1))/SUMPRODUCT(($B$2:$B$78="Doors")*ISNUMBER($M$2:$M$78))) -> 0.55263158 | L100: {=IF(SUMPRODUCT(($B$2:$B$78="Doors")*ISNUMBER($N$2:$N$78))=0,"N/A",SUMPRODUCT(($B$2:$B$78="Doors")*ISNUMBER($N$2:$N$78)*(IF(ISNUMBER($N$2:$N$78),$N$2:$N$78,0)))/SUMPRODUCT(($B$2:$B$78="Doors")*ISNUMBER($N$2:$N$78)))} -> -0.86809288 | M100: {=IF(SUMPRODUCT(($B$2:$B$78="Doors")*ISNUMBER($O$2:$O$78))=0,"N/A",SUMPRODUCT(($B$2:$B$78="Doors")*ISNUMBER($O$2:$O$78)*(IF(ISNUMBER($O$2:$O$78),$O$2:$O$78,0)))/SUMPRODUCT(($B$2:$B$78="Doors")*ISNUMBER($O$2:$O$78)))} -> 0.55502342 | N100: {=IF(SUMPRODUCT(($B$2:$B$78="Doors")*ISNUMBER($K$2:$K$78))=0,"N/A",SQRT(SUMPRODUCT(($B$2:$B$78="Doors")*ISNUMBER($K$2:$K$78)*(IF(ISNUMBER($K$2:$K$78),$K$2:$K$78,0))^2)/SUMPRODUCT(($B$2:$B$78="Doors")*ISNUMBER($K$2:$K$78))))} -> 2.3748599 | O100: {=IFERROR(IF(SUMPRODUCT(($B$2:$B$78="Doors")*ISNUMBER($K$2:$K$78))<2,"N/A",_xlfn.STDEV.S(IF($B$2:$B$78="Doors",$K$2:$K$78))),"N/A")} -> 1.1636751 | P100: {=IFERROR(_xlfn.PERCENTILE.INC(IF(($B$2:$B$78="Doors")*ISNUMBER($K$2:$K$78),$K$2:$K$78),0.9),"N/A")} -> 4.1853 | Q100: {=IFERROR(_xlfn.PERCENTILE.INC(IF(($B$2:$B$78="Doors")*ISNUMBER($K$2:$K$78),$K$2:$K$78),0.95),"N/A")} -> 4.3133132 | R100: =COUNTIFS($B$2:$B$78,"Doors",$K$2:$K$78,">15") -> 0 | S100: {=IF(SUMPRODUCT(($B$2:$B$78="Doors")*ISNUMBER($S$2:$S$78))=0,"N/A",SUMPRODUCT(($B$2:$B$78="Doors")*ISNUMBER($S$2:$S$78)*(IF(ISNUMBER($S$2:$S$78),$S$2:$S$78,0)))/SUMPRODUCT(($B$2:$B$78="Doors")*ISNUMBER($S$2:$S$78)))} -> 2.2084322 | T100: {=IF(SUMPRODUCT(($B$2:$B$78="Doors")*ISNUMBER($S$2:$S$78))=0,"N/A",SUMPRODUCT(($B$2:$B$78="Doors")*ISNUMBER($S$2:$S$78)*(IF(ISNUMBER($S$2:$S$78),$S$2:$S$78,0)>1))/SUMPRODUCT(($B$2:$B$78="Doors")*ISNUMBER($S$2:$S$78)))} -> 0.89473684
I101: Window Tags | J101: =COUNTIF($B$2:$B$78,"Windows") -> 6 | K101: =IF(SUMPRODUCT(($B$2:$B$78="Windows")*ISNUMBER($M$2:$M$78))=0,"N/A",SUMPRODUCT(($B$2:$B$78="Windows")*($R$2:$R$78=1))/SUMPRODUCT(($B$2:$B$78="Windows")*ISNUMBER($M$2:$M$78))) -> 1 | L101: {=IF(SUMPRODUCT(($B$2:$B$78="Windows")*ISNUMBER($N$2:$N$78))=0,"N/A",SUMPRODUCT(($B$2:$B$78="Windows")*ISNUMBER($N$2:$N$78)*(IF(ISNUMBER($N$2:$N$78),$N$2:$N$78,0)))/SUMPRODUCT(($B$2:$B$78="Windows")*ISNUMBER($N$2:$N$78)))} -> 0.73163069 | M101: {=IF(SUMPRODUCT(($B$2:$B$78="Windows")*ISNUMBER($O$2:$O$78))=0,"N/A",SUMPRODUCT(($B$2:$B$78="Windows")*ISNUMBER($O$2:$O$78)*(IF(ISNUMBER($O$2:$O$78),$O$2:$O$78,0)))/SUMPRODUCT(($B$2:$B$78="Windows")*ISNUMBER($O$2:$O$78)))} -> 1 | N101: {=IF(SUMPRODUCT(($B$2:$B$78="Windows")*ISNUMBER($K$2:$K$78))=0,"N/A",SQRT(SUMPRODUCT(($B$2:$B$78="Windows")*ISNUMBER($K$2:$K$78)*(IF(ISNUMBER($K$2:$K$78),$K$2:$K$78,0))^2)/SUMPRODUCT(($B$2:$B$78="Windows")*ISNUMBER($K$2:$K$78))))} -> 0.5296 | O101: {=IFERROR(IF(SUMPRODUCT(($B$2:$B$78="Windows")*ISNUMBER($K$2:$K$78))<2,"N/A",_xlfn.STDEV.S(IF($B$2:$B$78="Windows",$K$2:$K$78))),"N/A")} -> 0 | P101: {=IFERROR(_xlfn.PERCENTILE.INC(IF(($B$2:$B$78="Windows")*ISNUMBER($K$2:$K$78),$K$2:$K$78),0.9),"N/A")} -> 0.5296 | Q101: {=IFERROR(_xlfn.PERCENTILE.INC(IF(($B$2:$B$78="Windows")*ISNUMBER($K$2:$K$78),$K$2:$K$78),0.95),"N/A")} -> 0.5296 | R101: =COUNTIFS($B$2:$B$78,"Windows",$K$2:$K$78,">15") -> 0 | S101: {=IF(SUMPRODUCT(($B$2:$B$78="Windows")*ISNUMBER($S$2:$S$78))=0,"N/A",SUMPRODUCT(($B$2:$B$78="Windows")*ISNUMBER($S$2:$S$78)*(IF(ISNUMBER($S$2:$S$78),$S$2:$S$78,0)))/SUMPRODUCT(($B$2:$B$78="Windows")*ISNUMBER($S$2:$S$78)))} -> 1.2683693 | T101: {=IF(SUMPRODUCT(($B$2:$B$78="Windows")*ISNUMBER($S$2:$S$78))=0,"N/A",SUMPRODUCT(($B$2:$B$78="Windows")*ISNUMBER($S$2:$S$78)*(IF(ISNUMBER($S$2:$S$78),$S$2:$S$78,0)>1))/SUMPRODUCT(($B$2:$B$78="Windows")*ISNUMBER($S$2:$S$78)))} -> 1
I102: Wall Tags | J102: =COUNTIF($B$2:$B$78,"Walls") -> 2 | K102: =IF(SUMPRODUCT(($B$2:$B$78="Walls")*ISNUMBER($M$2:$M$78))=0,"N/A",SUMPRODUCT(($B$2:$B$78="Walls")*($R$2:$R$78=1))/SUMPRODUCT(($B$2:$B$78="Walls")*ISNUMBER($M$2:$M$78))) -> 0 | L102: {=IF(SUMPRODUCT(($B$2:$B$78="Walls")*ISNUMBER($N$2:$N$78))=0,"N/A",SUMPRODUCT(($B$2:$B$78="Walls")*ISNUMBER($N$2:$N$78)*(IF(ISNUMBER($N$2:$N$78),$N$2:$N$78,0)))/SUMPRODUCT(($B$2:$B$78="Walls")*ISNUMBER($N$2:$N$78)))} -> -0.59775638 | M102: {=IF(SUMPRODUCT(($B$2:$B$78="Walls")*ISNUMBER($O$2:$O$78))=0,"N/A",SUMPRODUCT(($B$2:$B$78="Walls")*ISNUMBER($O$2:$O$78)*(IF(ISNUMBER($O$2:$O$78),$O$2:$O$78,0)))/SUMPRODUCT(($B$2:$B$78="Walls")*ISNUMBER($O$2:$O$78)))} -> 0.10325114 | N102: {=IF(SUMPRODUCT(($B$2:$B$78="Walls")*ISNUMBER($K$2:$K$78))=0,"N/A",SQRT(SUMPRODUCT(($B$2:$B$78="Walls")*ISNUMBER($K$2:$K$78)*(IF(ISNUMBER($K$2:$K$78),$K$2:$K$78,0))^2)/SUMPRODUCT(($B$2:$B$78="Walls")*ISNUMBER($K$2:$K$78))))} -> 8.6888209 | O102: {=IFERROR(IF(SUMPRODUCT(($B$2:$B$78="Walls")*ISNUMBER($K$2:$K$78))<2,"N/A",_xlfn.STDEV.S(IF($B$2:$B$78="Walls",$K$2:$K$78))),"N/A")} -> 2.4950939 | P102: {=IFERROR(_xlfn.PERCENTILE.INC(IF(($B$2:$B$78="Walls")*ISNUMBER($K$2:$K$78),$K$2:$K$78),0.9),"N/A")} -> 9.9192501 | Q102: {=IFERROR(_xlfn.PERCENTILE.INC(IF(($B$2:$B$78="Walls")*ISNUMBER($K$2:$K$78),$K$2:$K$78),0.95),"N/A")} -> 10.09568 | R102: =COUNTIFS($B$2:$B$78,"Walls",$K$2:$K$78,">15") -> 0 | S102: {=IF(SUMPRODUCT(($B$2:$B$78="Walls")*ISNUMBER($S$2:$S$78))=0,"N/A",SUMPRODUCT(($B$2:$B$78="Walls")*ISNUMBER($S$2:$S$78)*(IF(ISNUMBER($S$2:$S$78),$S$2:$S$78,0)))/SUMPRODUCT(($B$2:$B$78="Walls")*ISNUMBER($S$2:$S$78)))} -> 1.5731602 | T102: {=IF(SUMPRODUCT(($B$2:$B$78="Walls")*ISNUMBER($S$2:$S$78))=0,"N/A",SUMPRODUCT(($B$2:$B$78="Walls")*ISNUMBER($S$2:$S$78)*(IF(ISNUMBER($S$2:$S$78),$S$2:$S$78,0)>1))/SUMPRODUCT(($B$2:$B$78="Walls")*ISNUMBER($S$2:$S$78)))} -> 0.5
I103: Room Tags | J103: =COUNTIF($B$2:$B$78,"Room Tags") -> 31 | K103: =IF(SUMPRODUCT(($B$2:$B$78="Room Tags")*ISNUMBER($M$2:$M$78))=0,"N/A",SUMPRODUCT(($B$2:$B$78="Room Tags")*($R$2:$R$78=1))/SUMPRODUCT(($B$2:$B$78="Room Tags")*ISNUMBER($M$2:$M$78))) -> 0.54545455 | L103: {=IF(SUMPRODUCT(($B$2:$B$78="Room Tags")*ISNUMBER($N$2:$N$78))=0,"N/A",SUMPRODUCT(($B$2:$B$78="Room Tags")*ISNUMBER($N$2:$N$78)*(IF(ISNUMBER($N$2:$N$78),$N$2:$N$78,0)))/SUMPRODUCT(($B$2:$B$78="Room Tags")*ISNUMBER($N$2:$N$78)))} -> -0.3666821 | M103: {=IF(SUMPRODUCT(($B$2:$B$78="Room Tags")*ISNUMBER($O$2:$O$78))=0,"N/A",SUMPRODUCT(($B$2:$B$78="Room Tags")*ISNUMBER($O$2:$O$78)*(IF(ISNUMBER($O$2:$O$78),$O$2:$O$78,0)))/SUMPRODUCT(($B$2:$B$78="Room Tags")*ISNUMBER($O$2:$O$78)))} -> 0.56030175 | N103: {=IF(SUMPRODUCT(($B$2:$B$78="Room Tags")*ISNUMBER($K$2:$K$78))=0,"N/A",SQRT(SUMPRODUCT(($B$2:$B$78="Room Tags")*ISNUMBER($K$2:$K$78)*(IF(ISNUMBER($K$2:$K$78),$K$2:$K$78,0))^2)/SUMPRODUCT(($B$2:$B$78="Room Tags")*ISNUMBER($K$2:$K$78))))} -> 8.9577481 | O103: {=IFERROR(IF(SUMPRODUCT(($B$2:$B$78="Room Tags")*ISNUMBER($K$2:$K$78))<2,"N/A",_xlfn.STDEV.S(IF($B$2:$B$78="Room Tags",$K$2:$K$78))),"N/A")} -> 7.4050091 | P103: {=IFERROR(_xlfn.PERCENTILE.INC(IF(($B$2:$B$78="Room Tags")*ISNUMBER($K$2:$K$78),$K$2:$K$78),0.9),"N/A")} -> 19.498596 | Q103: {=IFERROR(_xlfn.PERCENTILE.INC(IF(($B$2:$B$78="Room Tags")*ISNUMBER($K$2:$K$78),$K$2:$K$78),0.95),"N/A")} -> 22.816075 | R103: =COUNTIFS($B$2:$B$78,"Room Tags",$K$2:$K$78,">15") -> 4 | S103: {=IF(SUMPRODUCT(($B$2:$B$78="Room Tags")*ISNUMBER($S$2:$S$78))=0,"N/A",SUMPRODUCT(($B$2:$B$78="Room Tags")*ISNUMBER($S$2:$S$78)*(IF(ISNUMBER($S$2:$S$78),$S$2:$S$78,0)))/SUMPRODUCT(($B$2:$B$78="Room Tags")*ISNUMBER($S$2:$S$78)))} -> 1.5838752 | T103: {=IF(SUMPRODUCT(($B$2:$B$78="Room Tags")*ISNUMBER($S$2:$S$78))=0,"N/A",SUMPRODUCT(($B$2:$B$78="Room Tags")*ISNUMBER($S$2:$S$78)*(IF(ISNUMBER($S$2:$S$78),$S$2:$S$78,0)>1))/SUMPRODUCT(($B$2:$B$78="Room Tags")*ISNUMBER($S$2:$S$78)))} -> 0.54545455

Sheet Germany L1
A1: TagId | B1: TaggedCategory | C1: Optimal_X | D1: Optimal_Y | E1: Input_X | F1: Input_Y | G1: Output_X | H1: Output_Y | J1: Dist_From_Centre | K1: Dist_From_Optimal | L1: Optimal_Dist_From_Centre | M1: Improvement_Ratio | N1: Error_Reduction_Pct | O1: Move_Cosine_Similarity | P1: Error_DX | Q1: Error_DY | R1: Beat_Baseline | S1: Solver_vs_Human_InputDist
A2: 4294879 | B2: Windows | C2: 111.0864 | D2: 9.5178 | E2: 111.0435 | F2: 6.2171 | G2: 112.494 | H2: 9.5178 | J2: =IFERROR(SQRT((F2-H2)^2+(E2-G2)^2),"") -> 3.6053531 | K2: =IFERROR(SQRT((D2-H2)^2+(C2-G2)^2),"") -> 1.4076 | L2: =IFERROR(SQRT((D2-F2)^2+(C2-E2)^2),"") -> 3.3009788 | M2: =IF(AND(AND(ISNUMBER(E2),ISNUMBER(F2)),ISNUMBER(L2),L2>0),K2/L2,"") -> 0.42641898 | N2: =IF(AND(AND(ISNUMBER(E2),ISNUMBER(F2)),ISNUMBER(L2),L2>0),(L2-K2)/L2,"") -> 0.57358102 | O2: =IFERROR(IF(AND(AND(ISNUMBER(E2),ISNUMBER(F2)),SQRT((G2-E2)^2+(H2-F2)^2)>0,SQRT((C2-E2)^2+(D2-F2)^2)>0),((G2-E2)*(C2-E2)+(H2-F2)*(D2-F2))/(SQRT((G2-E2)^2+(H2-F2)^2)*SQRT((C2-E2)^2+(D2-F2)^2)),""),"") -> 0.92065107 | P2: =IF(AND(ISNUMBER(G2),ISNUMBER(C2)),G2-C2,"") -> 1.4076 | Q2: =IF(AND(ISNUMBER(H2),ISNUMBER(D2)),H2-D2,"") -> 0 | R2: =IF(M2="","",IF(M2<1,1,0)) -> 1 | S2: =IF(AND(ISNUMBER(J2),ISNUMBER(L2),L2>0),J2/L2,"") -> 1.0922073
A3: 4294880 | B3: Windows | C3: 110.8862 | D3: 17.5534 | E3: 110.8434 | F3: 14.2526 | G3: 112.494 | H3: 17.5533 | J3: =IFERROR(SQRT((F3-H3)^2+(E3-G3)^2),"") -> 3.6904066 | K3: =IFERROR(SQRT((D3-H3)^2+(C3-G3)^2),"") -> 1.6078 | L3: =IFERROR(SQRT((D3-F3)^2+(C3-E3)^2),"") -> 3.3010775 | M3: =IF(AND(AND(ISNUMBER(E3),ISNUMBER(F3)),ISNUMBER(L3),L3>0),K3/L3,"") -> 0.4870531 | N3: =IF(AND(AND(ISNUMBER(E3),ISNUMBER(F3)),ISNUMBER(L3),L3>0),(L3-K3)/L3,"") -> 0.5129469 | O3: =IFERROR(IF(AND(AND(ISNUMBER(E3),ISNUMBER(F3)),SQRT((G3-E3)^2+(H3-F3)^2)>0,SQRT((C3-E3)^2+(D3-F3)^2)>0),((G3-E3)*(C3-E3)+(H3-F3)*(D3-F3))/(SQRT((G3-E3)^2+(H3-F3)^2)*SQRT((C3-E3)^2+(D3-F3)^2)),""),"") -> 0.90012395 | P3: =IF(AND(ISNUMBER(G3),ISNUMBER(C3)),G3-C3,"") -> 1.6078 | Q3: =IF(AND(ISNUMBER(H3),ISNUMBER(D3)),H3-D3,"") -> -0.0001 | R3: =IF(M3="","",IF(M3<1,1,0)) -> 1 | S3: =IF(AND(ISNUMBER(J3),ISNUMBER(L3),L3>0),J3/L3,"") -> 1.11794
A4: 4294881 | B4: Windows | C4: 53.1189 | D4: 9.9026 | E4: 53.1189 | F4: 9.7776 | G4: 53.1189 | H4: 7.994 | J4: =IFERROR(SQRT((F4-H4)^2+(E4-G4)^2),"") -> 1.7836 | K4: =IFERROR(SQRT((D4-H4)^2+(C4-G4)^2),"") -> 1.9086 | L4: =IFERROR(SQRT((D4-F4)^2+(C4-E4)^2),"") -> 0.125 | M4: =IF(AND(AND(ISNUMBER(E4),ISNUMBER(F4)),ISNUMBER(L4),L4>0),K4/L4,"") -> 15.2688 | N4: =IF(AND(AND(ISNUMBER(E4),ISNUMBER(F4)),ISNUMBER(L4),L4>0),(L4-K4)/L4,"") -> -14.2688 | O4: =IFERROR(IF(AND(AND(ISNUMBER(E4),ISNUMBER(F4)),SQRT((G4-E4)^2+(H4-F4)^2)>0,SQRT((C4-E4)^2+(D4-F4)^2)>0),((G4-E4)*(C4-E4)+(H4-F4)*(D4-F4))/(SQRT((G4-E4)^2+(H4-F4)^2)*SQRT((C4-E4)^2+(D4-F4)^2)),""),"") -> -1 | P4: =IF(AND(ISNUMBER(G4),ISNUMBER(C4)),G4-C4,"") -> 0 | Q4: =IF(AND(ISNUMBER(H4),ISNUMBER(D4)),H4-D4,"") -> -1.9086 | R4: =IF(M4="","",IF(M4<1,1,0)) -> 0 | S4: =IF(AND(ISNUMBER(J4),ISNUMBER(L4),L4>0),J4/L4,"") -> 14.2688
A5: 4294882 | B5: Windows | C5: 94.7031 | D5: 18.6629 | E5: 94.7031 | F5: 18.5379 | G5: 94.7031 | H5: 16.994 | J5: =IFERROR(SQRT((F5-H5)^2+(E5-G5)^2),"") -> 1.5439 | K5: =IFERROR(SQRT((D5-H5)^2+(C5-G5)^2),"") -> 1.6689 | L5: =IFERROR(SQRT((D5-F5)^2+(C5-E5)^2),"") -> 0.125 | M5: =IF(AND(AND(ISNUMBER(E5),ISNUMBER(F5)),ISNUMBER(L5),L5>0),K5/L5,"") -> 13.3512 | N5: =IF(AND(AND(ISNUMBER(E5),ISNUMBER(F5)),ISNUMBER(L5),L5>0),(L5-K5)/L5,"") -> -12.3512 | O5: =IFERROR(IF(AND(AND(ISNUMBER(E5),ISNUMBER(F5)),SQRT((G5-E5)^2+(H5-F5)^2)>0,SQRT((C5-E5)^2+(D5-F5)^2)>0),((G5-E5)*(C5-E5)+(H5-F5)*(D5-F5))/(SQRT((G5-E5)^2+(H5-F5)^2)*SQRT((C5-E5)^2+(D5-F5)^2)),""),"") -> -1 | P5: =IF(AND(ISNUMBER(G5),ISNUMBER(C5)),G5-C5,"") -> 0 | Q5: =IF(AND(ISNUMBER(H5),ISNUMBER(D5)),H5-D5,"") -> -1.6689 | R5: =IF(M5="","",IF(M5<1,1,0)) -> 0 | S5: =IF(AND(ISNUMBER(J5),ISNUMBER(L5),L5>0),J5/L5,"") -> 12.3512
A6: 4295032 | B6: Walls | C6: 115.8071 | D6: 10.1231 | E6: 111.5796 | F6: 10.1231 | G6: 118.3454 | H6: 10.1231 | J6: =IFERROR(SQRT((F6-H6)^2+(E6-G6)^2),"") -> 6.7658 | K6: =IFERROR(SQRT((D6-H6)^2+(C6-G6)^2),"") -> 2.5383 | L6: =IFERROR(SQRT((D6-F6)^2+(C6-E6)^2),"") -> 4.2275 | M6: =IF(AND(AND(ISNUMBER(E6),ISNUMBER(F6)),ISNUMBER(L6),L6>0),K6/L6,"") -> 0.60042578 | N6: =IF(AND(AND(ISNUMBER(E6),ISNUMBER(F6)),ISNUMBER(L6),L6>0),(L6-K6)/L6,"") -> 0.39957422 | O6: =IFERROR(IF(AND(AND(ISNUMBER(E6),ISNUMBER(F6)),SQRT((G6-E6)^2+(H6-F6)^2)>0,SQRT((C6-E6)^2+(D6-F6)^2)>0),((G6-E6)*(C6-E6)+(H6-F6)*(D6-F6))/(SQRT((G6-E6)^2+(H6-F6)^2)*SQRT((C6-E6)^2+(D6-F6)^2)),""),"") -> 1 | P6: =IF(AND(ISNUMBER(G6),ISNUMBER(C6)),G6-C6,"") -> 2.5383 | Q6: =IF(AND(ISNUMBER(H6),ISNUMBER(D6)),H6-D6,"") -> 0 | R6: =IF(M6="","",IF(M6<1,1,0)) -> 1 | S6: =IF(AND(ISNUMBER(J6),ISNUMBER(L6),L6>0),J6/L6,"") -> 1.6004258
A7: 4295033 | B7: Walls | C7: 89.0518 | D7: 1.7084 | E7: 89.987 | F7: 0.2368 | G7: 89.0518 | H7: 4.5 | J7: =IFERROR(SQRT((F7-H7)^2+(E7-G7)^2),"") -> 4.3645702 | K7: =IFERROR(SQRT((D7-H7)^2+(C7-G7)^2),"") -> 2.7916 | L7: =IFERROR(SQRT((D7-F7)^2+(C7-E7)^2),"") -> 1.7436185 | M7: =IF(AND(AND(ISNUMBER(E7),ISNUMBER(F7)),ISNUMBER(L7),L7>0),K7/L7,"") -> 1.6010383 | N7: =IF(AND(AND(ISNUMBER(E7),ISNUMBER(F7)),ISNUMBER(L7),L7>0),(L7-K7)/L7,"") -> -0.60103827 | O7: =IFERROR(IF(AND(AND(ISNUMBER(E7),ISNUMBER(F7)),SQRT((G7-E7)^2+(H7-F7)^2)>0,SQRT((C7-E7)^2+(D7-F7)^2)>0),((G7-E7)*(C7-E7)+(H7-F7)*(D7-F7))/(SQRT((G7-E7)^2+(H7-F7)^2)*SQRT((C7-E7)^2+(D7-F7)^2)),""),"") -> 0.93931504 | P7: =IF(AND(ISNUMBER(G7),ISNUMBER(C7)),G7-C7,"") -> 0 | Q7: =IF(AND(ISNUMBER(H7),ISNUMBER(D7)),H7-D7,"") -> 2.7916 | R7: =IF(M7="","",IF(M7<1,1,0)) -> 0 | S7: =IF(AND(ISNUMBER(J7),ISNUMBER(L7),L7>0),J7/L7,"") -> 2.5031681
A8: 4295038 | B8: Walls | C8: 66.407 | D8: 19.4401 | E8: 62.0263 | F8: 19.4401 | G8: 66.407 | H8: 18 | J8: =IFERROR(SQRT((F8-H8)^2+(E8-G8)^2),"") -> 4.6113361 | K8: =IFERROR(SQRT((D8-H8)^2+(C8-G8)^2),"") -> 1.4401 | L8: =IFERROR(SQRT((D8-F8)^2+(C8-E8)^2),"") -> 4.3807 | M8: =IF(AND(AND(ISNUMBER(E8),ISNUMBER(F8)),ISNUMBER(L8),L8>0),K8/L8,"") -> 0.32873742 | N8: =IF(AND(AND(ISNUMBER(E8),ISNUMBER(F8)),ISNUMBER(L8),L8>0),(L8-K8)/L8,"") -> 0.67126258 | O8: =IFERROR(IF(AND(AND(ISNUMBER(E8),ISNUMBER(F8)),SQRT((G8-E8)^2+(H8-F8)^2)>0,SQRT((C8-E8)^2+(D8-F8)^2)>0),((G8-E8)*(C8-E8)+(H8-F8)*(D8-F8))/(SQRT((G8-E8)^2+(H8-F8)^2)*SQRT((C8-E8)^2+(D8-F8)^2)),""),"") -> 0.94998498 | P8: =IF(AND(ISNUMBER(G8),ISNUMBER(C8)),G8-C8,"") -> 0 | Q8: =IF(AND(ISNUMBER(H8),ISNUMBER(D8)),H8-D8,"") -> -1.4401 | R8: =IF(M8="","",IF(M8<1,1,0)) -> 1 | S8: =IF(AND(ISNUMBER(J8),ISNUMBER(L8),L8>0),J8/L8,"") -> 1.0526482
A9: 4295039 | B9: Walls | C9: 66.407 | D9: 19.4401 | E9: 62.0263 | F9: 19.4401 | G9: 66.407 | H9: 18 | J9: =IFERROR(SQRT((F9-H9)^2+(E9-G9)^2),"") -> 4.6113361 | K9: =IFERROR(SQRT((D9-H9)^2+(C9-G9)^2),"") -> 1.4401 | L9: =IFERROR(SQRT((D9-F9)^2+(C9-E9)^2),"") -> 4.3807 | M9: =IF(AND(AND(ISNUMBER(E9),ISNUMBER(F9)),ISNUMBER(L9),L9>0),K9/L9,"") -> 0.32873742 | N9: =IF(AND(AND(ISNUMBER(E9),ISNUMBER(F9)),ISNUMBER(L9),L9>0),(L9-K9)/L9,"") -> 0.67126258 | O9: =IFERROR(IF(AND(AND(ISNUMBER(E9),ISNUMBER(F9)),SQRT((G9-E9)^2+(H9-F9)^2)>0,SQRT((C9-E9)^2+(D9-F9)^2)>0),((G9-E9)*(C9-E9)+(H9-F9)*(D9-F9))/(SQRT((G9-E9)^2+(H9-F9)^2)*SQRT((C9-E9)^2+(D9-F9)^2)),""),"") -> 0.94998498 | P9: =IF(AND(ISNUMBER(G9),ISNUMBER(C9)),G9-C9,"") -> 0 | Q9: =IF(AND(ISNUMBER(H9),ISNUMBER(D9)),H9-D9,"") -> -1.4401 | R9: =IF(M9="","",IF(M9<1,1,0)) -> 1 | S9: =IF(AND(ISNUMBER(J9),ISNUMBER(L9),L9>0),J9/L9,"") -> 1.0526482
A10: 4295040 | B10: Walls | C10: 65.9032 | D10: 9.8596 | E10: 64.6509 | F10: 9.4462 | G10: 65.9032 | H10: 11 | J10: =IFERROR(SQRT((F10-H10)^2+(E10-G10)^2),"") -> 1.9956327 | K10: =IFERROR(SQRT((D10-H10)^2+(C10-G10)^2),"") -> 1.1404 | L10: =IFERROR(SQRT((D10-F10)^2+(C10-E10)^2),"") -> 1.3187702 | M10: =IF(AND(AND(ISNUMBER(E10),ISNUMBER(F10)),ISNUMBER(L10),L10>0),K10/L10,"") -> 0.86474505 | N10: =IF(AND(AND(ISNUMBER(E10),ISNUMBER(F10)),ISNUMBER(L10),L10>0),(L10-K10)/L10,"") -> 0.13525495 | O10: =IFERROR(IF(AND(AND(ISNUMBER(E10),ISNUMBER(F10)),SQRT((G10-E10)^2+(H10-F10)^2)>0,SQRT((C10-E10)^2+(D10-F10)^2)>0),((G10-E10)*(C10-E10)+(H10-F10)*(D10-F10))/(SQRT((G10-E10)^2+(H10-F10)^2)*SQRT((C10-E10)^2+(D10-F10)^2)),""),"") -> 0.8399621 | P10: =IF(AND(ISNUMBER(G10),ISNUMBER(C10)),G10-C10,"") -> 0 | Q10: =IF(AND(ISNUMBER(H10),ISNUMBER(D10)),H10-D10,"") -> 1.1404 | R10: =IF(M10="","",IF(M10<1,1,0)) -> 1 | S10: =IF(AND(ISNUMBER(J10),ISNUMBER(L10),L10>0),J10/L10,"") -> 1.5132528
A11: 4295041 | B11: Walls | C11: 76.6154 | D11: 11.266 | E11: 72.4397 | F11: 11.266 | G11: 77.9757 | H11: 11.266 | J11: =IFERROR(SQRT((F11-H11)^2+(E11-G11)^2),"") -> 5.536 | K11: =IFERROR(SQRT((D11-H11)^2+(C11-G11)^2),"") -> 1.3603 | L11: =IFERROR(SQRT((D11-F11)^2+(C11-E11)^2),"") -> 4.1757 | M11: =IF(AND(AND(ISNUMBER(E11),ISNUMBER(F11)),ISNUMBER(L11),L11>0),K11/L11,"") -> 0.32576574 | N11: =IF(AND(AND(ISNUMBER(E11),ISNUMBER(F11)),ISNUMBER(L11),L11>0),(L11-K11)/L11,"") -> 0.67423426 | O11: =IFERROR(IF(AND(AND(ISNUMBER(E11),ISNUMBER(F11)),SQRT((G11-E11)^2+(H11-F11)^2)>0,SQRT((C11-E11)^2+(D11-F11)^2)>0),((G11-E11)*(C11-E11)+(H11-F11)*(D11-F11))/(SQRT((G11-E11)^2+(H11-F11)^2)*SQRT((C11-E11)^2+(D11-F11)^2)),""),"") -> 1 | P11: =IF(AND(ISNUMBER(G11),ISNUMBER(C11)),G11-C11,"") -> 1.3603 | Q11: =IF(AND(ISNUMBER(H11),ISNUMBER(D11)),H11-D11,"") -> 0 | R11: =IF(M11="","",IF(M11<1,1,0)) -> 1 | S11: =IF(AND(ISNUMBER(J11),ISNUMBER(L11),L11>0),J11/L11,"") -> 1.3257657
A12: 4295043 | B12: Walls | C12: 106.1518 | D12: 0.9702 | E12: 101.2204 | F12: 0.337 | G12: 106.1517 | H12: 2.5 | J12: =IFERROR(SQRT((F12-H12)^2+(E12-G12)^2),"") -> 5.3848202 | K12: =IFERROR(SQRT((D12-H12)^2+(C12-G12)^2),"") -> 1.5298 | L12: =IFERROR(SQRT((D12-F12)^2+(C12-E12)^2),"") -> 4.9718858 | M12: =IF(AND(AND(ISNUMBER(E12),ISNUMBER(F12)),ISNUMBER(L12),L12>0),K12/L12,"") -> 0.30769009 | N12: =IF(AND(AND(ISNUMBER(E12),ISNUMBER(F12)),ISNUMBER(L12),L12>0),(L12-K12)/L12,"") -> 0.69230991 | O12: =IFERROR(IF(AND(AND(ISNUMBER(E12),ISNUMBER(F12)),SQRT((G12-E12)^2+(H12-F12)^2)>0,SQRT((C12-E12)^2+(D12-F12)^2)>0),((G12-E12)*(C12-E12)+(H12-F12)*(D12-F12))/(SQRT((G12-E12)^2+(H12-F12)^2)*SQRT((C12-E12)^2+(D12-F12)^2)),""),"") -> 0.9594779 | P12: =IF(AND(ISNUMBER(G12),ISNUMBER(C12)),G12-C12,"") -> -0.0001 | Q12: =IF(AND(ISNUMBER(H12),ISNUMBER(D12)),H12-D12,"") -> 1.5298 | R12: =IF(M12="","",IF(M12<1,1,0)) -> 1 | S12: =IF(AND(ISNUMBER(J12),ISNUMBER(L12),L12>0),J12/L12,"") -> 1.0830539
A13: 4295047 | B13: Walls | C13: 93.3159 | D13: 10.4266 | E13: 89.505 | F13: 10.4266 | G13: 94.3109 | H13: 10.4266 | J13: =IFERROR(SQRT((F13-H13)^2+(E13-G13)^2),"") -> 4.8059 | K13: =IFERROR(SQRT((D13-H13)^2+(C13-G13)^2),"") -> 0.995 | L13: =IFERROR(SQRT((D13-F13)^2+(C13-E13)^2),"") -> 3.8109 | M13: =IF(AND(AND(ISNUMBER(E13),ISNUMBER(F13)),ISNUMBER(L13),L13>0),K13/L13,"") -> 0.26109318 | N13: =IF(AND(AND(ISNUMBER(E13),ISNUMBER(F13)),ISNUMBER(L13),L13>0),(L13-K13)/L13,"") -> 0.73890682 | O13: =IFERROR(IF(AND(AND(ISNUMBER(E13),ISNUMBER(F13)),SQRT((G13-E13)^2+(H13-F13)^2)>0,SQRT((C13-E13)^2+(D13-F13)^2)>0),((G13-E13)*(C13-E13)+(H13-F13)*(D13-F13))/(SQRT((G13-E13)^2+(H13-F13)^2)*SQRT((C13-E13)^2+(D13-F13)^2)),""),"") -> 1 | P13: =IF(AND(ISNUMBER(G13),ISNUMBER(C13)),G13-C13,"") -> 0.995 | Q13: =IF(AND(ISNUMBER(H13),ISNUMBER(D13)),H13-D13,"") -> 0 | R13: =IF(M13="","",IF(M13<1,1,0)) -> 1 | S13: =IF(AND(ISNUMBER(J13),ISNUMBER(L13),L13>0),J13/L13,"") -> 1.2610932
